,Time,Lat,Lon,MIC Unscaled,MIC,RADS GIM
0,2024-01-22 19:01:13,-54.980252,57.187961,-0.005218566947009326,-0.007346058456620102,0.0067
1,2024-01-22 19:01:14,-54.923116,57.157023,-0.00532108107399952,-0.00744808103219426,0.0066
2,2024-01-22 19:01:15,-54.865974,57.126159,-0.005287383543886991,-0.007420971899847001,0.006599999999999998
3,2024-01-22 19:01:16,-54.808825,57.095371,-0.005396574309662956,-0.007528365726188611,0.006599999999999995
4,2024-01-22 19:01:17,-54.75167,57.064658,-0.005381021801489597,-0.007515853978265374,0.006599999999999995
5,2024-01-22 19:01:18,-54.694508,57.03402,-0.0053971605076997275,-0.00754838888795846,0.006500000000000006
6,2024-01-22 19:01:19,-54.63734,57.003455,-0.0053974064098313845,-0.007548586712351202,0.006599999999999995
7,2024-01-22 19:01:20,-54.580165,56.972964,-0.005497652311963058,-0.007648784536743947,0.006500000000000006
8,2024-01-22 19:01:21,-54.522984,56.942547,-0.005404447704529927,-0.007573802897738333,0.006499999999999992
9,2024-01-22 19:01:22,-54.465796,56.912203,-0.0053643591501807975,-0.007541552287030906,0.006599999999999995
10,2024-01-22 19:01:23,-54.408602,56.881931,-0.005455182493267652,-0.007634169811047253,0.006499999999999978
11,2024-01-22 19:01:24,-54.351402,56.851732,-0.005455551151511306,-0.007634466390799122,0.006500000000000006
12,2024-01-22 19:01:25,-54.294195,56.821605,-0.005461665597302046,-0.0076393853661547995,0.006599999999999995
13,2024-01-22 19:01:26,-54.236982,56.79155,-0.005460143240889337,-0.007638160654393017,0.006599999999999995
14,2024-01-22 19:01:27,-54.179763,56.761566,-0.005551456132907501,-0.007731172012815785,0.006500000000000006
15,2024-01-22 19:01:28,-54.122537,56.731653,-0.005496909101645714,-0.0076872897851068545,0.006599999999999995
16,2024-01-22 19:01:29,-54.065305,56.701811,-0.005484938345997489,-0.007677659500688966,0.006599999999999995
17,2024-01-22 19:01:30,-54.008068,56.672039,-0.005372491474984822,-0.007587197763637685,0.006599999999999995
18,2024-01-22 19:01:31,-53.950823,56.642337,-0.005256259887650522,-0.007493691281902803,0.006699999999999998
19,2024-01-22 19:01:32,-53.893573,56.612705,-0.005173743335967776,-0.00742730801544568,0.006699999999999998
20,2024-01-22 19:01:33,-53.836317,56.583142,-0.005274473085980488,-0.007527895087839687,0.006599999999999995
21,2024-01-22 19:01:34,-53.779054,56.553648,-0.005243491414646424,-0.007502970821113612,0.006699999999999998
22,2024-01-22 19:01:35,-53.721786,56.524223,-0.005207016531757258,-0.007473627352191967,0.006699999999999998
23,2024-01-22 19:01:36,-53.664511,56.494866,-0.005207790986510377,-0.007474250388845666,0.006699999999999998
24,2024-01-22 19:01:37,-53.607231,56.465577,-0.005191532278626815,-0.007461170514375962,0.0068000000000000005
25,2024-01-22 19:01:38,-53.549944,56.436356,-0.005133199964801785,-0.007414243086451014,0.0068000000000000005
26,2024-01-22 19:01:39,-53.492652,56.407203,-0.005134085664241755,-0.007414955617703535,0.0068000000000000005
27,2024-01-22 19:01:40,-53.435353,56.378116,-0.005164539987315031,-0.0074394556410578485,0.0069
28,2024-01-22 19:01:41,-53.378049,56.349096,-0.005165399617049107,-0.007440147199642495,0.0069
29,2024-01-22 19:01:42,-53.320738,56.320143,-0.005148513738157688,-0.007426562775972909,0.006900000000000003
30,2024-01-22 19:01:43,-53.263422,56.291256,-0.005190641576303182,-0.007480005533062325,0.0069
31,2024-01-22 19:01:44,-53.2061,56.262435,-0.0050736073639252866,-0.0073858533521186515,0.006900000000000003
32,2024-01-22 19:01:45,-53.148772,56.233679,-0.0050353851517546885,-0.0073551041843049406,0.006899999999999996
33,2024-01-22 19:01:46,-53.091439,56.204989,-0.00501090586826046,-0.007335410986204216,0.007000000000000006
34,2024-01-22 19:01:47,-53.034099,56.176363,-0.004993349756170613,-0.007321287370480524,0.006999999999999999
35,2024-01-22 19:01:48,-52.976754,56.147802,-0.004854843782719959,-0.007209861495865347,0.006999999999999999
36,2024-01-22 19:01:49,-52.919403,56.119306,-0.004880501680042611,-0.007250054444911655,0.0069
37,2024-01-22 19:01:50,-52.862046,56.090873,-0.004828309407454871,-0.0072080665834761,0.006999999999999999
38,2024-01-22 19:01:51,-52.804684,56.062505,-0.004808476043965899,-0.007192110954861233,0.006999999999999999
39,2024-01-22 19:01:52,-52.747316,56.0342,-0.004809764937912291,-0.007193147849745146,0.006999999999999999
40,2024-01-22 19:01:53,-52.689942,56.005957,-0.004870497968406856,-0.007261558191107145,0.006999999999999999
41,2024-01-22 19:01:54,-52.632563,55.977778,-0.004871807648955104,-0.007262611808484934,0.006999999999999999
42,2024-01-22 19:01:55,-52.575178,55.949662,-0.0048731173295033445,-0.007263665425862716,0.006999999999999999
43,2024-01-22 19:01:56,-52.517788,55.921607,-0.004811000003994606,-0.007213693015640038,0.007100000000000009
44,2024-01-22 19:01:57,-52.460392,55.893615,-0.004871067141273992,-0.007281567656396121,0.007000000000000006
45,2024-01-22 19:01:58,-52.40299,55.865684,-0.004702830703485844,-0.007146224091381104,0.007000000000000006
46,2024-01-22 19:01:59,-52.345583,55.837815,-0.004684451156394612,-0.007131438035165263,0.007100000000000009
47,2024-01-22 19:02:00,-52.288171,55.810007,-0.004755387723572577,-0.007208056961116011,0.006999999999999992
48,2024-01-22 19:02:01,-52.230753,55.78226,-0.004758327285175681,-0.007210421792137017,0.006999999999999992
49,2024-01-22 19:02:02,-52.173329,55.754573,-0.004742687235395587,-0.007197839618369659,0.007100000000000009
50,2024-01-22 19:02:03,-52.1159,55.726947,-0.004817213775631893,-0.00727734662111526,0.006999999999999992
51,2024-01-22 19:02:04,-52.058466,55.699381,-0.004712186881867753,-0.007192854138919513,0.0069999999999999785
52,2024-01-22 19:02:05,-52.001026,55.671875,-0.004580042912701199,-0.007086546396569679,0.007099999999999995
53,2024-01-22 19:02:06,-51.943581,55.644428,-0.004522419083532875,-0.00704018893339467,0.007099999999999995
54,2024-01-22 19:02:07,-51.886131,55.617041,-0.004637883123374778,-0.007152629509938349,0.007000000000000006
55,2024-01-22 19:02:08,-51.828675,55.589712,-0.004618208933795151,-0.007136801934227055,0.007000000000000006
56,2024-01-22 19:02:09,-51.771214,55.562442,-0.00453322680214395,-0.007068435147510321,0.007099999999999995
57,2024-01-22 19:02:10,-51.713747,55.535231,-0.0046031484677653,-0.007144237601140191,0.007000000000000006
58,2024-01-22 19:02:11,-51.656276,55.508077,-0.0045666526750486325,-0.0071148773105916,0.007000000000000006
59,2024-01-22 19:02:12,-51.598799,55.480982,-0.004520654773160146,-0.007077872722842077,0.007100000000000023
60,2024-01-22 19:02:13,-51.541317,55.453944,-0.004592227794340431,-0.007155003666015569,0.007000000000000006
61,2024-01-22 19:02:14,-51.48383,55.426964,-0.004547956859362323,-0.007119388395951248,0.007000000000000006
62,2024-01-22 19:02:15,-51.426337,55.400041,-0.0045397974042832995,-0.007112824242825486,0.007099999999999995
63,2024-01-22 19:02:16,-51.36884,55.373175,-0.004617933877060332,-0.007195235379455198,0.007000000000000006
64,2024-01-22 19:02:17,-51.311337,55.346365,-0.0046079563267485,-0.007187208597343814,0.007000000000000006
65,2024-01-22 19:02:18,-51.253829,55.319612,-0.004589940464764006,-0.0071727151200694644,0.007099999999999995
66,2024-01-22 19:02:19,-51.196316,55.292915,-0.004508587256975588,-0.0071072677454563915,0.007099999999999995
67,2024-01-22 19:02:20,-51.138798,55.266274,-0.004510468225576228,-0.007108780955076374,0.007099999999999995
68,2024-01-22 19:02:21,-51.081274,55.239688,-0.004575282062193001,-0.007180474240704032,0.007099999999999995
69,2024-01-22 19:02:22,-51.023746,55.213158,-0.004472191219478561,-0.007097539281091164,0.007099999999999995
70,2024-01-22 19:02:23,-50.966213,55.186683,-0.004303292754890567,-0.00696166312594048,0.007099999999999995
71,2024-01-22 19:02:24,-50.908675,55.160263,-0.004259116309144009,-0.0069261238709750345,0.007199999999999998
72,2024-01-22 19:02:25,-50.851131,55.133897,-0.004197211587112004,-0.00687632249690158,0.007199999999999998
73,2024-01-22 19:02:26,-50.793583,55.107586,-0.004165112995298884,-0.006850499685238029,0.007200000000000012
74,2024-01-22 19:02:27,-50.73603,55.081329,-0.004267192791725563,-0.006952172848713148,0.007099999999999995
75,2024-01-22 19:02:28,-50.678472,55.055126,-0.004257607045263248,-0.006944461266629051,0.007199999999999998
76,2024-01-22 19:02:29,-50.620909,55.028977,-0.004233203203415262,-0.0069248287601447744,0.007199999999999984
77,2024-01-22 19:02:30,-50.563341,55.002881,-0.004235295482184959,-0.006926511965468299,0.007199999999999998
78,2024-01-22 19:02:31,-50.505768,54.976838,-0.004189823542150056,-0.0068899305057477656,0.007199999999999998
79,2024-01-22 19:02:32,-50.44819,54.950848,-0.004192006394507952,-0.006891686576096748,0.007300000000000001
80,2024-01-22 19:02:33,-50.390607,54.924911,-0.004194189246865862,-0.006893442646445758,0.007299999999999987
81,2024-01-22 19:02:34,-50.33302,54.899027,-0.004151572538100001,-0.006859158175320401,0.007300000000000001
82,2024-01-22 19:02:35,-50.275428,54.873195,-0.004057056627706793,-0.006783121613732221,0.007400000000000004
83,2024-01-22 19:02:36,-50.217831,54.847415,-0.00399739373084157,-0.006735123752703867,0.00739999999999999
84,2024-01-22 19:02:37,-50.160229,54.821687,-0.00399963914941924,-0.006736930156591436,0.007400000000000004
85,2024-01-22 19:02:38,-50.102622,54.79601,-0.003977503048655559,-0.006719122012099815,0.00739999999999999
86,2024-01-22 19:02:39,-50.045011,54.770385,-0.003917618511262919,-0.006670945844757276,0.007500000000000007
87,2024-01-22 19:02:40,-49.987395,54.744811,-0.0037102847686775325,-0.006504149113690322,0.007500000000000007
88,2024-01-22 19:02:41,-49.929774,54.719288,-0.0036991412489666003,-0.006495184327557663,0.007499999999999993
89,2024-01-22 19:02:42,-49.872149,54.693815,-0.003676032429908785,-0.006476593646515608,0.007500000000000007
90,2024-01-22 19:02:43,-49.814518,54.668393,-0.003639278518084231,-0.00644702570320925,0.007599999999999996
91,2024-01-22 19:02:44,-49.756884,54.643022,-0.003659136911687219,-0.006463001468156704,0.0076000000000000095
92,2024-01-22 19:02:45,-49.699244,54.6177,-0.0035938518771033365,-0.006410480685864348,0.007600000000000003
93,2024-01-22 19:02:46,-49.6416,54.592428,-0.0035735129581626335,-0.0063941183458494505,0.007600000000000003
94,2024-01-22 19:02:47,-49.583951,54.567206,-0.00354740428290419,-0.006373114327732125,0.0076999999999999985
95,2024-01-22 19:02:48,-49.526298,54.542033,-0.003493889100631392,-0.006330062206286541,0.0076999999999999985
96,2024-01-22 19:02:49,-49.46864,54.51691,-0.003419047948703586,-0.006269853678069275,0.0077
97,2024-01-22 19:02:50,-49.410978,54.491835,-0.003386461590762454,-0.0062436384662364975,0.0077
98,2024-01-22 19:02:51,-49.35331,54.46681,-0.0033888564199378995,-0.0062455650685972475,0.007800000000000001
99,2024-01-22 19:02:52,-49.295639,54.441832,-0.003255190708052226,-0.0061184815335124584,0.007900000000000004
100,2024-01-22 19:02:53,-49.237963,54.416904,-0.003273928626671224,-0.006133555893979181,0.007900000000000004
101,2024-01-22 19:02:54,-49.180282,54.392023,-0.0032134366597178395,-0.006084891059120096,0.0079
102,2024-01-22 19:02:55,-49.122597,54.36719,-0.0030803557891850783,-0.005977829594374356,0.008
103,2024-01-22 19:02:56,-49.064908,54.342405,-0.003049371952536628,-0.00595290358568696,0.008000000000000007
104,2024-01-22 19:02:57,-49.007214,54.317668,-0.0029422743763919956,-0.005866745272122727,0.008
105,2024-01-22 19:02:58,-48.949515,54.292978,-0.0029147278369759944,-0.005844584514932402,0.008000000000000007
106,2024-01-22 19:02:59,-48.891812,54.268335,-0.0028215795386924147,-0.005769648175750902,0.00810000000000001
107,2024-01-22 19:03:00,-48.834105,54.243739,-0.0028241578885389654,-0.005771722417601682,0.008099999999999996
108,2024-01-22 19:03:01,-48.776393,54.219189,-0.0027343759730449058,-0.005699494280364592,0.008099999999999996
109,2024-01-22 19:03:02,-48.718677,54.194687,-0.0027369784909271194,-0.005701587965019503,0.00810000000000001
110,2024-01-22 19:03:03,-48.660957,54.17023,-0.002674740513507093,-0.005651518492234081,0.008099999999999996
111,2024-01-22 19:03:04,-48.603232,54.14582,-0.0026095618448202518,-0.00559908327963099,0.008199999999999999
112,2024-01-22 19:03:05,-48.545503,54.121455,-0.0025628381786909765,-0.0055614948259782165,0.008199999999999999
113,2024-01-22 19:03:06,-48.48777,54.097137,-0.0025655265359644658,-0.005563657567071709,0.008199999999999999
114,2024-01-22 19:03:07,-48.430032,54.072864,-0.002568214893237941,-0.005565820308165201,0.008200000000000013
115,2024-01-22 19:03:08,-48.37229,54.048636,-0.0025307361330342837,-0.005535669235751897,0.008199999999999999
116,2024-01-22 19:03:09,-48.314544,54.024454,-0.002533434483547134,-0.0055378400162491015,0.008299999999999988
117,2024-01-22 19:03:10,-48.256793,54.000316,-0.002455454583268346,-0.005475106414408709,0.008300000000000002
118,2024-01-22 19:03:11,-48.199038,53.976223,-0.002458141597821678,-0.005477268075304992,0.008300000000000002
119,2024-01-22 19:03:12,-48.141279,53.952175,-0.0025306598929118324,-0.005555159476453936,0.008199999999999999
120,2024-01-22 19:03:13,-48.083516,53.928171,-0.002446399971502894,-0.00548737369650458,0.008300000000000002
121,2024-01-22 19:03:14,-48.025748,53.904212,-0.0023981428190290865,-0.005448551577235131,0.008300000000000002
122,2024-01-22 19:03:15,-47.967977,53.880296,-0.002332898995064711,-0.005415615522917264,0.008199999999999999
123,2024-01-22 19:03:16,-47.910201,53.856425,-0.0022904640253201547,-0.00538147725797275,0.008200000000000013
124,2024-01-22 19:03:17,-47.852421,53.832597,-0.0023764826545327605,-0.005470229465336138,0.008099999999999996
125,2024-01-22 19:03:18,-47.794637,53.808812,-0.002241519075884782,-0.005361653391558342,0.008200000000000006
126,2024-01-22 19:03:19,-47.736848,53.785071,-0.0023442829254973346,-0.005463876865049844,0.008099999999999996
127,2024-01-22 19:03:20,-47.679056,53.761373,-0.0023801837997632688,-0.005512310127752915,0.008
128,2024-01-22 19:03:21,-47.62126,53.737718,-0.0023829443310687537,-0.00551453093171864,0.008
129,2024-01-22 19:03:22,-47.563459,53.714106,-0.0025388787151592804,-0.005659529262931902,0.007899999999999997
130,2024-01-22 19:03:23,-47.505654,53.690536,-0.0026358813065684716,-0.005757117894920193,0.007899999999999997
131,2024-01-22 19:03:24,-47.447845,53.667009,-0.002741033446479038,-0.005861262710348529,0.007800000000000001
132,2024-01-22 19:03:25,-47.390033,53.643524,-0.002759723179396264,-0.0058958498808569584,0.0077000000000000055
133,2024-01-22 19:03:26,-47.332216,53.620081,-0.0028329574205887553,-0.005974317249371371,0.0076000000000000095
134,2024-01-22 19:03:27,-47.274395,53.59668,-0.002994670327427229,-0.006143515885822126,0.007400000000000004
135,2024-01-22 19:03:28,-47.21657,53.573321,-0.0030302306516135635,-0.006191675181348721,0.00739999999999999
136,2024-01-22 19:03:29,-47.158741,53.550003,-0.0030940668167642477,-0.006262581945677128,0.007299999999999999
137,2024-01-22 19:03:30,-47.100908,53.526727,-0.0032520423754419103,-0.006428773944383792,0.007099999999999995
138,2024-01-22 19:03:31,-47.043071,53.503491,-0.0034229524091430735,-0.006605371524570261,0.006900000000000003
139,2024-01-22 19:03:32,-46.985231,53.480297,-0.003319175971402924,-0.006541436589235131,0.0068000000000000005
140,2024-01-22 19:03:33,-46.927386,53.457144,-0.0034895663086293993,-0.006717616081791264,0.006699999999999998
141,2024-01-22 19:03:34,-46.869537,53.434031,-0.0036556698744507204,-0.006890346934254901,0.006500000000000006
142,2024-01-22 19:03:35,-46.811684,53.410959,-0.003767880063544643,-0.00700016983910956,0.006399999999999989
143,2024-01-22 19:03:36,-46.753828,53.387928,-0.003931818793964287,-0.007171159115581763,0.006200000000000011
144,2024-01-22 19:03:37,-46.695967,53.364936,-0.004094209007220084,-0.007340902634379844,0.005999999999999998
145,2024-01-22 19:03:38,-46.638103,53.341985,-0.00429705563598777,-0.007543192702398158,0.0058
146,2024-01-22 19:03:39,-46.580235,53.319073,-0.004452215935219654,-0.00770711986921201,0.005699999999999997
147,2024-01-22 19:03:40,-46.522363,53.296201,-0.0045693050779483865,-0.007840419390117974,0.005499999999999998
148,2024-01-22 19:03:41,-46.464487,53.273369,-0.004818628468674549,-0.008099650855951608,0.005199999999999996
149,2024-01-22 19:03:42,-46.406607,53.250576,-0.004976612302937111,-0.008265849512236002,0.0049999999999999975
150,2024-01-22 19:03:43,-46.348723,53.227822,-0.005186043880212876,-0.008473437067637188,0.004799999999999999
151,2024-01-22 19:03:44,-46.290836,53.205108,-0.00539764563798166,-0.008682770499071617,0.004600000000000007
152,2024-01-22 19:03:45,-46.232945,53.182432,-0.005556254534417465,-0.008849472008031656,0.004500000000000004
153,2024-01-22 19:03:46,-46.17505,53.159795,-0.005759083173072374,-0.009051747603287523,0.004299999999999998
154,2024-01-22 19:03:47,-46.117151,53.137197,-0.00595050433764871,-0.009244846065278395,0.0040999999999999925
155,2024-01-22 19:03:48,-46.059248,53.114637,-0.006181497853968529,-0.009489331435788992,0.003799999999999998
156,2024-01-22 19:03:49,-46.001342,53.092115,-0.006281970570350008,-0.009609263303354126,0.003599999999999992
157,2024-01-22 19:03:50,-45.943432,53.069632,-0.006368024541694814,-0.009717595517586358,0.0034000000000000002
158,2024-01-22 19:03:51,-45.885518,53.047186,-0.006467452255326703,-0.0098366866968949,0.0031999999999999945
159,2024-01-22 19:03:52,-45.827601,53.024778,-0.006607928328678375,-0.009988800635217704,0.0030999999999999917
160,2024-01-22 19:03:53,-45.769679,53.002408,-0.006810787817419603,-0.010191101048882226,0.0029
161,2024-01-22 19:03:54,-45.711755,52.980076,-0.006949313307762078,-0.01034164577388956,0.002699999999999994
162,2024-01-22 19:03:55,-45.653826,52.95778,-0.007017864204110047,-0.010416345465224242,0.002600000000000005
163,2024-01-22 19:03:56,-45.595894,52.935522,-0.00715520309602799,-0.010565935590484174,0.0023999999999999994
164,2024-01-22 19:03:57,-45.537958,52.913302,-0.0073380483183826395,-0.01075213484200134,0.0022000000000000006
165,2024-01-22 19:03:58,-45.480018,52.891117,-0.007379108958452896,-0.010804719055044189,0.0021000000000000046
166,2024-01-22 19:03:59,-45.422075,52.86897,-0.007581899956968355,-0.011006964369400574,0.0020000000000000018
167,2024-01-22 19:04:00,-45.364128,52.84686,-0.00765125172401325,-0.011082308348599787,0.001899999999999999
168,2024-01-22 19:04:01,-45.306178,52.824785,-0.007820530285425092,-0.011257593435019975,0.0017000000000000001
169,2024-01-22 19:04:02,-45.248224,52.802748,-0.007809504762011185,-0.011268275149730209,0.0015999999999999903
170,2024-01-22 19:04:03,-45.190266,52.780746,-0.007912299259008791,-0.011370523278560397,0.0015000000000000013
171,2024-01-22 19:04:04,-45.132305,52.75878,-0.007950285614966177,-0.011420634278444558,0.0014000000000000123
172,2024-01-22 19:04:05,-45.07434,52.736851,-0.008042492457913122,-0.011514364806312669,0.0013999999999999985
173,2024-01-22 19:04:06,-45.016372,52.714957,-0.008126648379548657,-0.01160161849476199,0.0012999999999999956
174,2024-01-22 19:04:07,-44.9584,52.693098,-0.008004342420967758,-0.011522776851691147,0.0012000000000000066
175,2024-01-22 19:04:08,-44.900424,52.671275,-0.008051030999666448,-0.01157988865273854,0.0011000000000000038
176,2024-01-22 19:04:09,-44.842445,52.649488,-0.008102850485509822,-0.011641128187788466,0.0010000000000000009
177,2024-01-22 19:04:10,-44.784463,52.627735,-0.008056452764413385,-0.011603801951782011,0.0010000000000000009
178,2024-01-22 19:04:11,-44.726477,52.606018,-0.008165990063683418,-0.011711474558862817,0.0009000000000000119
179,2024-01-22 19:04:12,-44.668487,52.584336,-0.008091138675789061,-0.011651257795971648,0.000899999999999998
180,2024-01-22 19:04:13,-44.610494,52.562688,-0.008093894101199609,-0.011653474492325303,0.0010000000000000009
181,2024-01-22 19:04:14,-44.552498,52.541075,-0.008105208738821423,-0.011682128514802714,0.0009000000000000119
182,2024-01-22 19:04:15,-44.494498,52.519496,-0.008068088280383329,-0.011652265690517707,0.0009000000000000119
183,2024-01-22 19:04:16,-44.436494,52.497952,-0.008070859724253698,-0.011654495273470053,0.000899999999999998
184,2024-01-22 19:04:17,-44.378487,52.476442,-0.00800098121389195,-0.011598279112246965,0.000899999999999998
185,2024-01-22 19:04:18,-44.320477,52.454966,-0.008003736205043993,-0.011600495459246483,0.000899999999999998
186,2024-01-22 19:04:19,-44.262463,52.433524,-0.008006491196196043,-0.011602711806246016,0.000899999999999998
187,2024-01-22 19:04:20,-44.204446,52.412116,-0.007939475642713495,-0.011548798848749826,0.000899999999999998
188,2024-01-22 19:04:21,-44.146426,52.390742,-0.0077752804597450015,-0.01139715483492039,0.0010999999999999968
189,2024-01-22 19:04:22,-44.088402,52.369401,-0.007778009537144706,-0.011399350334714217,0.0011000000000000038
190,2024-01-22 19:04:23,-44.030375,52.348094,-0.00770521132608646,-0.01134078532025673,0.0011000000000000038
191,2024-01-22 19:04:24,-43.972344,52.326819,-0.007356841084142779,-0.011040975371649608,0.0012000000000000066
192,2024-01-22 19:04:25,-43.91431,52.305578,-0.007254552842674553,-0.010958686092100892,0.0012000000000000066
193,2024-01-22 19:04:26,-43.856272,52.28437,-0.007026876597035131,-0.010755972562976293,0.0012999999999999956
194,2024-01-22 19:04:27,-43.798232,52.263195,-0.007029686688487344,-0.010758233237299658,0.0012999999999999956
195,2024-01-22 19:04:28,-43.740188,52.242053,-0.006889776891136179,-0.010626126433782246,0.0013999999999999985
196,2024-01-22 19:04:29,-43.68214,52.220943,-0.00689245636400003,-0.010628282027508082,0.0013999999999999985
197,2024-01-22 19:04:30,-43.624089,52.199866,-0.006730456623880388,-0.01047840421287935,0.0015999999999999903
198,2024-01-22 19:04:31,-43.566035,52.178822,-0.006633113303454355,-0.010380541469762403,0.001700000000000007
199,2024-01-22 19:04:32,-43.507978,52.157809,-0.0065956561432718025,-0.010350407774225953,0.0017000000000000001
200,2024-01-22 19:04:33,-43.449917,52.136829,-0.006498299811281305,-0.010252534563510288,0.001799999999999996
201,2024-01-22 19:04:34,-43.391854,52.11588,-0.00634706240328306,-0.010111314875600921,0.001899999999999999
202,2024-01-22 19:04:35,-43.333786,52.094964,-0.006310410764891012,-0.010081829209660541,0.0018999999999999998
203,2024-01-22 19:04:36,-43.275716,52.074079,-0.006121862400862028,-0.009910593445152611,0.002
204,2024-01-22 19:04:37,-43.217642,52.053226,-0.005976198021097112,-0.009773857170699597,0.0020999999999999977
205,2024-01-22 19:04:38,-43.159565,52.032405,-0.005947386965563531,-0.009750679130204762,0.0020999999999999977
206,2024-01-22 19:04:39,-43.101485,52.011615,-0.0057507112190410825,-0.00957290501446112,0.0021999999999999936
207,2024-01-22 19:04:40,-43.043402,51.990856,-0.005653333519919507,-0.009475014614224953,0.0023999999999999994
208,2024-01-22 19:04:41,-42.985315,51.970128,-0.0054657985900224,-0.009304594141517783,0.0024999999999999883
209,2024-01-22 19:04:42,-42.927226,51.949431,-0.005303769517414306,-0.009174244304043969,0.0025000000000000022
210,2024-01-22 19:04:43,-42.869133,51.928766,-0.005206360386878911,-0.009076328617730348,0.002600000000000005
211,2024-01-22 19:04:44,-42.811036,51.908131,-0.0049994726623014685,-0.008890339126447419,0.002700000000000008
212,2024-01-22 19:04:45,-42.752937,51.887527,-0.00494689624472254,-0.008848042226415526,0.002700000000000008
213,2024-01-22 19:04:46,-42.694835,51.866953,-0.0048642995058050115,-0.008762042875910703,0.002799999999999997
214,2024-01-22 19:04:47,-42.636729,51.84641,-0.004834494259507306,-0.008738065024601449,0.002799999999999997
215,2024-01-22 19:04:48,-42.57862,51.825897,-0.004553112738261977,-0.008492146446938131,0.0029
216,2024-01-22 19:04:49,-42.520508,51.805414,-0.004357890662279443,-0.008315541786253183,0.0031000000000000055
217,2024-01-22 19:04:50,-42.462393,51.784961,-0.004334162361755739,-0.008296452742126675,0.0030999999999999917
218,2024-01-22 19:04:51,-42.404275,51.764539,-0.004291307764464347,-0.008261976893428516,0.0031000000000000055
219,2024-01-22 19:04:52,-42.346154,51.744146,-0.004193812173466982,-0.008163991651034708,0.0032000000000000084
220,2024-01-22 19:04:53,-42.288029,51.723783,-0.004191547866351661,-0.008162170051616027,0.0031999999999999945
221,2024-01-22 19:04:54,-42.229902,51.703449,-0.004017576318637445,-0.008002661106295134,0.0032999999999999974
222,2024-01-22 19:04:55,-42.171771,51.683146,-0.003984858333954899,-0.007976340002821547,0.0032999999999999974
223,2024-01-22 19:04:56,-42.113638,51.662871,-0.003966806380638135,-0.007961817490638734,0.0033000000000000113
224,2024-01-22 19:04:57,-42.055501,51.642626,-0.003943364809207109,-0.00794295911555222,0.0033000000000000113
225,2024-01-22 19:04:58,-41.997361,51.62241,-0.003842261856227741,-0.007861623381928279,0.0032999999999999974
226,2024-01-22 19:04:59,-41.939218,51.602223,-0.0036834094829824304,-0.0077338291490690325,0.0032999999999999974
227,2024-01-22 19:05:00,-41.881072,51.582065,-0.0035831669783567,-0.007653185632596288,0.0032999999999999974
228,2024-01-22 19:05:01,-41.822924,51.561936,-0.003469415354744626,-0.0075616742426244665,0.003400000000000014
229,2024-01-22 19:05:02,-41.764772,51.541835,-0.003404788094613115,-0.007509682629521203,0.0033999999999999864
230,2024-01-22 19:05:03,-41.706617,51.521764,-0.0031922238894520893,-0.00733867807367522,0.003400000000000014
231,2024-01-22 19:05:04,-41.648459,51.501721,-0.003130373542551801,-0.00728892044353896,0.003400000000000014
232,2024-01-22 19:05:05,-41.590298,51.481706,-0.0030862984246540215,-0.007253462705232305,0.003400000000000014
233,2024-01-22 19:05:06,-41.532134,51.461719,-0.0031276751491354227,-0.007306301203206578,0.003300000000000025
234,2024-01-22 19:05:07,-41.473967,51.441761,-0.003130039341413704,-0.007308203158665982,0.0032999999999999696
235,2024-01-22 19:05:08,-41.415797,51.421831,-0.0031324035336919853,-0.007310105114125387,0.0032999999999999974
236,2024-01-22 19:05:09,-41.357624,51.401929,-0.0031449185908566935,-0.007339724855222329,0.0031999999999999806
237,2024-01-22 19:05:10,-41.299448,51.382054,-0.003147274460149785,-0.007341620114971192,0.0031999999999999806
238,2024-01-22 19:05:11,-41.241269,51.362208,-0.003179030819801698,-0.007386719180930146,0.0030999999999999917
239,2024-01-22 19:05:12,-41.183088,51.342389,-0.0030803745014614803,-0.007307351726346778,0.0030999999999999917
240,2024-01-22 19:05:13,-41.124903,51.322597,-0.003112617722000166,-0.007352842464222575,0.0030000000000000027
241,2024-01-22 19:05:14,-41.066715,51.302834,-0.003073681163440478,-0.00732151861598751,0.0030000000000000027
242,2024-01-22 19:05:15,-41.008525,51.283097,-0.0029700489949248676,-0.007257699742971746,0.0029000000000000137
243,2024-01-22 19:05:16,-40.950331,51.263388,-0.002844666322261269,-0.007176382931869785,0.0028000000000000247
244,2024-01-22 19:05:17,-40.892135,51.243706,-0.0027638477388367555,-0.007111365654138835,0.0028000000000000247
245,2024-01-22 19:05:18,-40.833936,51.224051,-0.0028208085848877573,-0.007176741332515835,0.0027000000000000357
246,2024-01-22 19:05:19,-40.775734,51.204423,-0.0028557058422627457,-0.007224367201233872,0.0026000000000000467
247,2024-01-22 19:05:20,-40.717529,51.184822,-0.002911717415474857,-0.007288979204560009,0.0025000000000000022
248,2024-01-22 19:05:21,-40.659321,51.165247,-0.002863384137354208,-0.007250095843406412,0.0025000000000000022
249,2024-01-22 19:05:22,-40.60111,51.145699,-0.002967587574970565,-0.007353477442778089,0.0023999999999999577
250,2024-01-22 19:05:23,-40.542897,51.126178,-0.003024808554984826,-0.007419062394832254,0.0024000000000000132
251,2024-01-22 19:05:24,-40.48468,51.106683,-0.002881900558775158,-0.00730409516222516,0.0024000000000000132
252,2024-01-22 19:05:25,-40.426461,51.087215,-0.0029098362114954035,-0.007346120529621497,0.0022999999999999965
253,2024-01-22 19:05:26,-40.368239,51.067772,-0.00295055181260645,-0.0073984271642549004,0.0021999999999999797
254,2024-01-22 19:05:27,-40.310014,51.048356,-0.0030526228561831015,-0.007500093286200021,0.0021000000000000185
255,2024-01-22 19:05:28,-40.251786,51.028966,-0.0029537567260836395,-0.007420557041360187,0.0020999999999999908
256,2024-01-22 19:05:29,-40.193555,51.009602,-0.0030558091766479667,-0.007522208205519659,0.0020000000000000018
257,2024-01-22 19:05:30,-40.135322,50.990264,-0.00309436619372494,-0.007572778293288451,0.0019000000000000128
258,2024-01-22 19:05:31,-40.077086,50.970952,-0.003096408141188181,-0.007574421007868495,0.001899999999999999
259,2024-01-22 19:05:32,-40.018847,50.951665,-0.0028924283627031755,-0.007429874062786113,0.001799999999999996
260,2024-01-22 19:05:33,-39.960605,50.932404,-0.002657369412667837,-0.0072407728389089765,0.001799999999999996
261,2024-01-22 19:05:34,-39.902361,50.913168,-0.0027209945309739775,-0.007311509819374271,0.001799999999999996
262,2024-01-22 19:05:35,-39.844113,50.893958,-0.0025861793100535324,-0.007203053097052076,0.001799999999999996
263,2024-01-22 19:05:36,-39.785863,50.874773,-0.002641161671212644,-0.007266837115488367,0.0016999999999999793
264,2024-01-22 19:05:37,-39.727611,50.855613,-0.002635036557444348,-0.007261909557912727,0.001700000000000007
265,2024-01-22 19:05:38,-39.669355,50.836478,-0.002664019929301681,-0.0073047777988565765,0.001600000000000018
266,2024-01-22 19:05:39,-39.611097,50.817369,-0.002665937734887436,-0.007306320643251041,0.001600000000000018
267,2024-01-22 19:05:40,-39.552836,50.798284,-0.002566421086401399,-0.0072262610666127824,0.001600000000000018
268,2024-01-22 19:05:41,-39.494572,50.779224,-0.0025681387672914224,-0.007247194488520847,0.0015000000000000013
269,2024-01-22 19:05:42,-39.436306,50.760189,-0.002470267914444352,-0.007168458928558108,0.0015000000000000013
270,2024-01-22 19:05:43,-39.378037,50.741178,-0.002418552104937355,-0.00712685437416824,0.0015000000000000013
271,2024-01-22 19:05:44,-39.319765,50.722192,-0.0023259992614871605,-0.0070523970690236915,0.0015000000000000013
272,2024-01-22 19:05:45,-39.26149,50.703231,-0.0023278482786272536,-0.007053884574196756,0.0015000000000000013
273,2024-01-22 19:05:46,-39.203213,50.684293,-0.002111747766150751,-0.006880035114801036,0.0015000000000000013
274,2024-01-22 19:05:47,-39.144933,50.66538,-0.002113575695103842,-0.006881505654859732,0.0015000000000000013
275,2024-01-22 19:05:48,-39.086651,50.646492,-0.0020900488035355547,-0.006862578641066319,0.0015000000000000013
276,2024-01-22 19:05:49,-39.028365,50.627627,-0.0019883323770335526,-0.006780749377653689,0.0015000000000000013
277,2024-01-22 19:05:50,-38.970077,50.608787,-0.0015962609090063862,-0.006465334055496874,0.0015000000000000013
278,2024-01-22 19:05:51,-38.911787,50.58997,-0.0015350268738411055,-0.006416072238446535,0.0015000000000000013
279,2024-01-22 19:05:52,-38.853494,50.571177,-0.0014514051478943524,-0.006348799876696953,0.0015000000000000013
280,2024-01-22 19:05:53,-38.795198,50.552408,-0.00145315410602187,-0.006350206885970072,0.0015000000000000013
281,2024-01-22 19:05:54,-38.736899,50.533663,-0.0014549030641496374,-0.006351613895243358,0.0015000000000000013
282,2024-01-22 19:05:55,-38.678598,50.514941,-0.0011768987189449132,-0.00610841220252499,0.0016000000000000042
283,2024-01-22 19:05:56,-38.620295,50.496242,-0.0008928660657361864,-0.00587991240562398,0.0016000000000000042
284,2024-01-22 19:05:57,-38.561988,50.477567,-0.0009030445020703909,-0.005888100797377047,0.0016000000000000042
285,2024-01-22 19:05:58,-38.503679,50.458916,-0.0009046862667877117,-0.005889421571239596,0.0015999999999999973
286,2024-01-22 19:05:59,-38.445368,50.440287,-0.0008063280315050159,-0.005790742345102122,0.0017000000000000001
287,2024-01-22 19:06:00,-38.387054,50.421682,-0.0008079697962223263,-0.005792063118964658,0.0017000000000000001
288,2024-01-22 19:06:01,-38.328737,50.4031,-0.0006377972186749695,-0.005655161960001369,0.0017000000000000001
289,2024-01-22 19:06:02,-38.270418,50.384541,-0.0004779544536130456,-0.005526570972521121,0.0017000000000000001
290,2024-01-22 19:06:03,-38.212096,50.366005,-0.0003062622081177052,-0.005368895689943573,0.001799999999999996
291,2024-01-22 19:06:04,-38.153772,50.347491,-0.0003078554832860042,-0.005370177454727492,0.0017999999999999995
292,2024-01-22 19:06:05,-38.095445,50.329,-0.00024754684061298327,-0.005321660101365179,0.0019000000000000059
293,2024-01-22 19:06:06,-38.037115,50.310532,-0.00011610751322632673,-0.005196367657551423,0.0020000000000000018
294,2024-01-22 19:06:07,-37.978783,50.292087,0.00024335545502842532,-0.004907185359981983,0.001999999999999995
295,2024-01-22 19:06:08,-37.920449,50.273664,0.00033505700854322834,-0.004833412904185354,0.0020000000000000018
296,2024-01-22 19:06:09,-37.862111,50.255263,0.000637271131101555,-0.004570734826812556,0.0020999999999999908
297,2024-01-22 19:06:10,-37.803772,50.236885,0.0007334044264984824,-0.004493397104457501,0.0020999999999999977
298,2024-01-22 19:06:11,-37.74543,50.218528,0.0008892955338482833,-0.004367985163380689,0.0020999999999999908
299,2024-01-22 19:06:12,-37.687085,50.200194,0.0009362392168576622,-0.004330219709612448,0.0021000000000000046
300,2024-01-22 19:06:13,-37.628738,50.181883,0.0010348035466872102,-0.004231374683657349,0.0021999999999999936
301,2024-01-22 19:06:14,-37.570388,50.163593,0.0011031886107228384,-0.004176359976486632,0.0022000000000000075
302,2024-01-22 19:06:15,-37.512036,50.145325,0.0012440457710094777,-0.0040630426090855765,0.0022000000000000075
303,2024-01-22 19:06:16,-37.453681,50.127079,0.0012804181711613682,-0.004033781585912305,0.0022999999999999965
304,2024-01-22 19:06:17,-37.395324,50.108854,0.001570486035312485,-0.003780874982163396,0.0024000000000000132
305,2024-01-22 19:06:18,-37.336965,50.090652,0.0015691119024694167,-0.003781980450397432,0.0024000000000000132
306,2024-01-22 19:06:19,-37.278603,50.07247,0.0015677377696263484,-0.003783085918631496,0.0023999999999999855
307,2024-01-22 19:06:20,-37.220238,50.054311,0.0015663636367833078,-0.003784191386865504,0.0024000000000000132
308,2024-01-22 19:06:21,-37.161871,50.036173,0.0017358732368111252,-0.0036478235828769356,0.0023999999999999855
309,2024-01-22 19:06:22,-37.103502,50.018056,0.0017868638261664127,-0.0036068024566792145,0.0023999999999999855
310,2024-01-22 19:06:23,-37.04513,49.99996,0.0019046415889697466,-0.003512052101126817,0.0023999999999999577
311,2024-01-22 19:06:24,-36.986756,49.981886,0.0020894146278656045,-0.0033634051009192034,0.0024000000000000132
312,2024-01-22 19:06:25,-36.928379,49.963833,0.0026458990630112422,-0.002915722135693688,0.0023999999999999855
313,2024-01-22 19:06:26,-36.87,49.945801,0.0025734442584151584,-0.002993562459739918,0.0024000000000000132
314,2024-01-22 19:06:27,-36.811618,49.92779,0.002713179808478988,-0.00288114741010137,0.0023999999999999855
315,2024-01-22 19:06:28,-36.753234,49.9098,0.0029524004696546147,-0.002688698155145497,0.0024000000000000132
316,2024-01-22 19:06:29,-36.694848,49.89183,0.0028511125686477845,-0.00278973425122514,0.0022999999999999687
317,2024-01-22 19:06:30,-36.636459,49.873882,0.002910712475759497,-0.002741787064461626,0.0022999999999999965
318,2024-01-22 19:06:31,-36.578068,49.855954,0.0029332041654161756,-0.00272369285430496,0.0023000000000000242
319,2024-01-22 19:06:32,-36.519674,49.838047,0.0030324053397176587,-0.002663438646360483,0.0022000000000000075
320,2024-01-22 19:06:33,-36.461278,49.82016,0.002931128877650818,-0.0027644655399930718,0.0020999999999999908
321,2024-01-22 19:06:34,-36.40288,49.802294,0.0029298524155839945,-0.0027654924336256437,0.0021000000000000185
322,2024-01-22 19:06:35,-36.344479,49.784448,0.002938536316933499,-0.0027780579464136423,0.0021000000000000185
323,2024-01-22 19:06:36,-36.286076,49.766622,0.002972969780883905,-0.002769908341562405,0.0020000000000000018
324,2024-01-22 19:06:37,-36.227671,49.748817,0.0028717145912081354,-0.002870918121891372,0.001899999999999985
325,2024-01-22 19:06:38,-36.169263,49.731032,0.002837474664536585,-0.002918015178409339,0.001799999999999996
326,2024-01-22 19:06:40,-36.05244,49.695521,0.00315923858338453,-0.0026787127471283034,0.001700000000000007
327,2024-01-22 19:06:41,-35.994026,49.677796,0.003199136314224707,-0.0026857188002889776,0.0015000000000000013
328,2024-01-22 19:06:42,-35.935609,49.660091,0.003426847300249572,-0.002522080472431368,0.0013999999999999985
329,2024-01-22 19:06:43,-35.877189,49.642406,0.0034259661033737565,-0.0025423409561219426,0.0012999999999999956
330,2024-01-22 19:06:44,-35.818767,49.62474,0.003324858075295925,-0.0026432323472626593,0.0013000000000000008
331,2024-01-22 19:06:45,-35.760343,49.607094,0.003123750047218094,-0.002844123738403379,0.0011000000000000003
332,2024-01-22 19:06:46,-35.701917,49.589467,0.003068989068438112,-0.0029077296582016975,0.0009999999999999992
333,2024-01-22 19:06:47,-35.643488,49.571861,0.003252423683643979,-0.002779710973456806,0.0008999999999999998
334,2024-01-22 19:06:48,-35.585057,49.554273,0.0030513641938643907,-0.0029805633163009146,0.0006999999999999992
335,2024-01-22 19:06:49,-35.526624,49.536705,0.0029900823195164296,-0.003049415193900433,0.0005999999999999998
336,2024-01-22 19:06:50,-35.468188,49.519156,0.0029230778044429598,-0.0031424224205303525,0.0003999999999999976
337,2024-01-22 19:06:51,-35.409751,49.501627,0.0028848229694956457,-0.003192749407534237,0.0003999999999999976
338,2024-01-22 19:06:52,-35.351311,49.484117,0.002780516396026375,-0.00331576555275552,0.0001999999999999988
339,2024-01-22 19:06:53,-35.292868,49.466625,0.00277218703933272,-0.003361569538414877,0.0
340,2024-01-22 19:06:54,-35.234424,49.449153,0.0028437988187295787,-0.0033235105642264867,-9.999999999999593e-05
341,2024-01-22 19:06:55,-35.175977,49.4317,0.002711629452355077,-0.003468941887590213,-0.0003000000000000086
342,2024-01-22 19:06:56,-35.117528,49.414266,0.002510664299338619,-0.0036697183379938714,-0.00040000000000001146
343,2024-01-22 19:06:57,-35.059076,49.39685,0.002544484428845334,-0.0036620621510445456,-0.0005000000000000004
344,2024-01-22 19:06:58,-35.000623,49.379454,0.0025184264116512867,-0.0037221285649067792,-0.0007000000000000062
345,2024-01-22 19:06:59,-34.942167,49.362076,0.0025803423169198647,-0.0037114213434556176,-0.0009000000000000119
346,2024-01-22 19:07:00,-34.883709,49.344717,0.0025613080652724662,-0.003765837248537407,-0.0011000000000000176
347,2024-01-22 19:07:01,-34.825249,49.327376,0.002433412178910327,-0.003907830624524822,-0.0012000000000000066
348,2024-01-22 19:07:02,-34.766786,49.310054,0.0024380382097455577,-0.003923660630243075,-0.0012999999999999956
349,2024-01-22 19:07:03,-34.708321,49.29275,0.002364185173150013,-0.004022177384595205,-0.0015000000000000013
350,2024-01-22 19:07:04,-34.649854,49.275465,0.0023141914774555683,-0.004101499674900699,-0.001600000000000018
351,2024-01-22 19:07:05,-34.591385,49.258198,0.002355222018447678,-0.004107594400132281,-0.001799999999999996
352,2024-01-22 19:07:06,-34.532914,49.240949,0.002336267635114353,-0.004142394477733069,-0.0019000000000000128
353,2024-01-22 19:07:07,-34.474441,49.223718,0.002135397903614056,-0.004343094163029554,-0.0020000000000000018
354,2024-01-22 19:07:08,-34.415965,49.206506,0.0019345281721137308,-0.0045437938483260665,-0.0021999999999999797
355,2024-01-22 19:07:09,-34.357487,49.189311,0.0020203598075484025,-0.004513846798552518,-0.0023999999999999855
356,2024-01-22 19:07:10,-34.299007,49.172135,0.0019467239243660672,-0.004592637281723183,-0.0023999999999999994
357,2024-01-22 19:07:11,-34.240525,49.154976,0.0017458660668831089,-0.004793327414559706,-0.002600000000000005
358,2024-01-22 19:07:12,-34.182041,49.137835,0.0015966083969621014,-0.004952506009040486,-0.0028000000000000247
359,2024-01-22 19:07:13,-34.123554,49.120713,0.0014670789739872486,-0.00509581353950983,-0.0029
360,2024-01-22 19:07:14,-34.065065,49.103607,0.0014027419883644726,-0.005167123206021737,-0.0030000000000000027
361,2024-01-22 19:07:15,-34.006575,49.08652,0.0016151629755952468,-0.0050353370161054095,-0.0032000000000000084
362,2024-01-22 19:07:17,-33.889587,49.052398,0.0018702381555401604,-0.004888787774497631,-0.0034000000000000002
363,2024-01-22 19:07:18,-33.831089,49.035363,0.0020569180360476003,-0.004777709899600191,-0.003600000000000006
364,2024-01-22 19:07:19,-33.77259,49.018346,0.0021437485737005185,-0.004727407674041534,-0.003599999999999999
365,2024-01-22 19:07:20,-33.714088,49.001346,0.0019430073949344498,-0.004928003940687639,-0.0038000000000000013
366,2024-01-22 19:07:21,-33.655585,48.984363,0.001742266216168388,-0.0051286002073337444,-0.003999999999999997
367,2024-01-22 19:07:22,-33.597079,48.967397,0.0016415250374023256,-0.005229196473979847,-0.004
368,2024-01-22 19:07:23,-33.538571,48.950449,0.0014407838586362465,-0.005429792740625966,-0.004199999999999995
369,2024-01-22 19:07:24,-33.480062,48.933518,0.001578927028476819,-0.005338210310482108,-0.004299999999999998
370,2024-01-22 19:07:25,-33.42155,48.916604,0.0014414874264374513,-0.005487881455448864,-0.004400000000000001
371,2024-01-22 19:07:26,-33.363035,48.899707,0.001425666626078674,-0.0055201606148905374,-0.004499999999999997
372,2024-01-22 19:07:27,-33.304519,48.882826,0.001224944657645187,-0.0057207414271265924,-0.004700000000000003
373,2024-01-22 19:07:28,-33.246001,48.865963,0.0011944312890366446,-0.005764840526364244,-0.004699999999999999
374,2024-01-22 19:07:29,-33.187481,48.849117,0.001081042552359808,-0.00589516312887102,-0.004900000000000002
375,2024-01-22 19:07:30,-33.128958,48.832287,0.0012665440998841327,-0.0057654816296234925,-0.005
376,2024-01-22 19:07:31,-33.070434,48.815474,0.0012205232857276814,-0.005841607799291809,-0.0050999999999999995
377,2024-01-22 19:07:32,-33.011907,48.798677,0.0014574213038333096,-0.005670578648791584,-0.0052000000000000015
378,2024-01-22 19:07:33,-32.953379,48.781898,0.001666259020177939,-0.0055416751438781275,-0.005299999999999999
379,2024-01-22 19:07:34,-32.894848,48.765134,0.0017283453717365366,-0.0055112792263906085,-0.005400000000000002
380,2024-01-22 19:07:35,-32.836316,48.748388,0.0016446484557313045,-0.005617715226718234,-0.0056
381,2024-01-22 19:07:36,-32.777781,48.731657,0.0015440367728183496,-0.005718207315989654,-0.005600000000000001
382,2024-01-22 19:07:37,-32.719244,48.714943,0.0015447385299331637,-0.0057371943381212265,-0.0057
383,2024-01-22 19:07:38,-32.660705,48.698245,0.0013441282716507574,-0.005937685281299815,-0.0058
384,2024-01-22 19:07:39,-32.602165,48.681564,0.0014042027874956037,-0.005908907853964029,-0.0059000000000000025
385,2024-01-22 19:07:40,-32.543622,48.664899,0.0013875984995916774,-0.005961368891478358,-0.006000000000000005
386,2024-01-22 19:07:41,-32.485077,48.648249,0.0014383271651349505,-0.00594011005354296,-0.006100000000000008
387,2024-01-22 19:07:42,-32.42653,48.631616,0.001337750895496953,-0.006040573653392334,-0.006100000000000008
388,2024-01-22 19:07:43,-32.367981,48.614999,0.001267509301037556,-0.006136185059414587,-0.006199999999999997
389,2024-01-22 19:07:44,-32.30943,48.598398,0.0012380872625088052,-0.00617940620078801,-0.0063
390,2024-01-22 19:07:45,-32.250878,48.581813,0.0013752129114835143,-0.006088642350158054,-0.0063
391,2024-01-22 19:07:46,-32.192323,48.565243,0.0012578423188392696,-0.006222168293089109,-0.0063999999999999994
392,2024-01-22 19:07:47,-32.133766,48.548689,0.0012860043347069222,-0.006219063969465234,-0.006400000000000003
393,2024-01-22 19:07:48,-32.075207,48.532151,0.0012451901795158885,-0.006291001463984092,-0.006600000000000002
394,2024-01-22 19:07:49,-32.016646,48.515629,0.0011446231626086774,-0.006391457620157238,-0.006600000000000002
395,2024-01-22 19:07:50,-31.958084,48.499123,0.0015574031280319,-0.006078934212617872,-0.006599999999999998
396,2024-01-22 19:07:51,-31.899519,48.482631,0.0018128778601027087,-0.005892960388256457,-0.006700000000000001
397,2024-01-22 19:07:52,-31.840952,48.466156,0.001615111528375188,-0.006091163437304368,-0.006799999999999999
398,2024-01-22 19:07:53,-31.782384,48.449696,0.0016329556980043175,-0.006096359658506316,-0.0068
399,2024-01-22 19:07:54,-31.723813,48.433251,0.0015973716534104163,-0.006144538036727286,-0.006900000000000001
400,2024-01-22 19:07:55,-31.66524,48.416822,0.0016365200420728485,-0.006132595349190215,-0.0069
401,2024-01-22 19:07:56,-31.606666,48.400408,0.0014359500594469943,-0.006333053891237311,-0.006999999999999999
402,2024-01-22 19:07:57,-31.548089,48.384009,0.0015721826545804195,-0.006243008488359927,-0.006999999999999999
403,2024-01-22 19:07:58,-31.489511,48.367625,0.001609016430863211,-0.006232927870034544,-0.007099999999999995
404,2024-01-22 19:07:59,-31.430931,48.351257,0.0015867560470924427,-0.006270387572928318,-0.007100000000000002
405,2024-01-22 19:08:00,-31.372349,48.334903,0.0015958990694683803,-0.006282583730080234,-0.0071
406,2024-01-22 19:08:01,-31.313764,48.318565,0.0014439503157630817,-0.006443927259089516,-0.007300000000000001
407,2024-01-22 19:08:02,-31.255178,48.302241,0.0015552938275357545,-0.0063739047318524325,-0.007300000000000001
408,2024-01-22 19:08:03,-31.19659,48.285933,0.0015252252098651858,-0.006417646035963898,-0.007300000000000001
409,2024-01-22 19:08:05,-31.079409,48.25336,0.0015335173442615965,-0.006450078293776605,-0.007400000000000004
410,2024-01-22 19:08:06,-31.020815,48.237096,0.0015519782537752047,-0.006454778357453159,-0.007399999999999997
411,2024-01-22 19:08:07,-30.96222,48.220847,0.0020931890133561865,-0.006038934398387916,-0.007400000000000004
412,2024-01-22 19:08:08,-30.903622,48.204612,0.0022395425896157978,-0.005940746825567569,-0.007500000000000007
413,2024-01-22 19:08:09,-30.845023,48.188392,0.0022065326984583716,-0.0060064059125636005,-0.007599999999999996
414,2024-01-22 19:08:10,-30.786422,48.172186,0.0022087261443664644,-0.006024192894550293,-0.007599999999999996
415,2024-01-22 19:08:11,-30.727818,48.155995,0.0022467805626116832,-0.0060131302889873395,-0.007600000000000003
416,2024-01-22 19:08:12,-30.669213,48.139819,0.002290984178699787,-0.005997120750589981,-0.0076999999999999985
417,2024-01-22 19:08:13,-30.610607,48.123657,0.002190436363881762,-0.006097561458984747,-0.0076999999999999985
418,2024-01-22 19:08:14,-30.551998,48.107509,0.0021684344852240366,-0.006134813198585722,-0.0077
419,2024-01-22 19:08:15,-30.493387,48.091375,0.00216864556773385,-0.006173746535390469,-0.007799999999999998
420,2024-01-22 19:08:16,-30.434775,48.075256,0.0021782071863876637,-0.00618560593842838,-0.007800000000000001
421,2024-01-22 19:08:17,-30.376161,48.059151,0.0022102448586789683,-0.006179383710240856,-0.0079
422,2024-01-22 19:08:18,-30.317545,48.04306,0.0020097064877815356,-0.0063798168211502155,-0.008
423,2024-01-22 19:08:19,-30.258927,48.026983,0.001909168116884099,-0.006480249932059593,-0.008
424,2024-01-22 19:08:20,-30.200307,48.010921,0.0018086297459866535,-0.0065806830429689656,-0.008
425,2024-01-22 19:08:21,-30.141685,47.994872,0.0018920589091066392,-0.006552668744341308,-0.008099999999999996
426,2024-01-22 19:08:22,-30.083062,47.978837,0.0020442700351501683,-0.006449768864957489,-0.008100000000000003
427,2024-01-22 19:08:23,-30.024437,47.962816,0.002198742379728516,-0.006364601445549345,-0.008199999999999999
428,2024-01-22 19:08:24,-29.96581,47.946809,0.0024537730420052736,-0.006178984868344568,-0.008199999999999999
429,2024-01-22 19:08:25,-29.907181,47.930816,0.0023689928059613258,-0.006286292382584505,-0.008199999999999999
430,2024-01-22 19:08:26,-29.84855,47.914837,0.0022684923957337136,-0.006386694954732763,-0.008200000000000006
431,2024-01-22 19:08:27,-29.789918,47.898871,0.0024483112934898833,-0.006281136632420196,-0.008299999999999998
432,2024-01-22 19:08:28,-29.731283,47.882919,0.002382208457943312,-0.006373418472069292,-0.008400000000000005
433,2024-01-22 19:08:29,-29.672647,47.86698,0.0022816948969257983,-0.006473831623820939,-0.00839999999999999
434,2024-01-22 19:08:30,-29.614009,47.851056,0.0022891322805518033,-0.006506951515168821,-0.008400000000000005
435,2024-01-22 19:08:31,-29.55537,47.835144,0.002088622158833736,-0.006707361900058231,-0.008499999999999994
436,2024-01-22 19:08:32,-29.496728,47.819246,0.0019808741166207205,-0.006833146652691732,-0.008599999999999997
437,2024-01-22 19:08:33,-29.438085,47.803362,0.001999957538238367,-0.0068568974898631785,-0.0087
438,2024-01-22 19:08:34,-29.37944,47.787491,0.0018994494689755642,-0.006957306223584661,-0.0087
439,2024-01-22 19:08:35,-29.320793,47.771633,0.0018582345121859883,-0.007029566156678199,-0.0087
440,2024-01-22 19:08:36,-29.262145,47.755789,0.0017773278019874578,-0.00713375748037115,-0.008800000000000002
441,2024-01-22 19:08:37,-29.203494,47.739957,0.0017033818465456985,-0.007232348986471876,-0.008900000000000005
442,2024-01-22 19:08:38,-29.144842,47.724139,0.0015028817208863968,-0.007432751329689409,-0.009000000000000001
443,2024-01-22 19:08:39,-29.086189,47.708335,0.0013748238893575987,-0.007574874988013264,-0.009000000000000008
444,2024-01-22 19:08:40,-29.027533,47.692543,0.0014232744917160641,-0.007575000390717854,-0.009099999999999999
445,2024-01-22 19:08:41,-28.968876,47.676764,0.0019404888939966447,-0.007198012697914952,-0.0092
446,2024-01-22 19:08:42,-28.910217,47.660998,0.0020256123330316886,-0.007168635380993056,-0.009300000000000003
447,2024-01-22 19:08:43,-28.851556,47.645246,0.0019556999027265723,-0.007263981979636479,-0.009399999999999992
448,2024-01-22 19:08:44,-28.792893,47.629506,0.001655106750273444,-0.00756445916144477,-0.009500000000000008
449,2024-01-22 19:08:45,-28.734229,47.613779,0.0016530286877238787,-0.007605234079403056,-0.009600000000000025
450,2024-01-22 19:08:46,-28.675563,47.598065,0.00150635216666746,-0.007762336180267129,-0.0097
451,2024-01-22 19:08:47,-28.616895,47.582363,0.0014431742390205726,-0.007852264977568857,-0.009800000000000003
452,2024-01-22 19:08:48,-28.558226,47.566675,0.0015511822821009935,-0.007804477357051753,-0.009800000000000003
453,2024-01-22 19:08:49,-28.499555,47.550999,0.0012505963047999835,-0.008104948766563161,-0.009999999999999995
454,2024-01-22 19:08:50,-28.440882,47.535335,0.001050010327498907,-0.008305420176074607,-0.010099999999999998
455,2024-01-22 19:08:51,-28.382208,47.519685,0.0009355767957396899,-0.008436583299772968,-0.0102
456,2024-01-22 19:08:52,-28.323531,47.504047,0.0009588345407469945,-0.008456975959509672,-0.010300000000000004
457,2024-01-22 19:08:53,-28.264854,47.488421,0.0007182567405942114,-0.008709171735442084,-0.010399999999999993
458,2024-01-22 19:08:54,-28.206174,47.472808,0.0006529179971607596,-0.008800838875018188,-0.010500000000000002
459,2024-01-22 19:08:55,-28.147493,47.457207,0.0005401095548680235,-0.008930694639830705,-0.010599999999999998
460,2024-01-22 19:08:56,-28.08881,47.441619,0.0004876394937497891,-0.009031560701804796,-0.010799999999999997
461,2024-01-22 19:08:57,-28.030125,47.426043,0.0006055159846899832,-0.00897583407038098,-0.010800000000000004
462,2024-01-22 19:08:58,-27.971439,47.410479,0.001025882585144286,-0.00867675890910434,-0.010899999999999993
463,2024-01-22 19:08:59,-27.912751,47.394928,0.0008601060745343364,-0.008868778225480503,-0.011099999999999999
464,2024-01-22 19:09:00,-27.854061,47.379388,0.0009266384272055561,-0.008854357144788189,-0.011099999999999999
465,2024-01-22 19:09:01,-27.79537,47.363861,0.0009094430794936298,-0.008907293680610738,-0.011200000000000002
466,2024-01-22 19:09:02,-27.736677,47.348346,0.0007490517518704137,-0.009094980702073485,-0.011300000000000004
467,2024-01-22 19:09:03,-27.677982,47.332843,0.0005484181959756335,-0.009295490387814354,-0.011399999999999993
468,2024-01-22 19:09:04,-27.619286,47.317353,0.0005074547619601938,-0.009367547974796789,-0.011399999999999993
469,2024-01-22 19:09:05,-27.560588,47.301874,0.00020680230415067585,-0.009668072866830427,-0.011499999999999996
470,2024-01-22 19:09:06,-27.501888,47.286407,0.00014770580917770892,-0.0097547182158155,-0.0116
471,2024-01-22 19:09:07,-27.443187,47.270952,0.00029522149772551187,-0.009675147316638863,-0.0116
472,2024-01-22 19:09:08,-27.384484,47.255509,9.455666952187802e-05,-0.009875682160459781,-0.0116
473,2024-01-22 19:09:09,-27.32578,47.240077,-0.00010610815868165174,-0.010076217004280595,-0.011599999999999992
474,2024-01-22 19:09:10,-27.267074,47.224658,-0.000306772986885237,-0.010276751848101472,-0.011700000000000002
475,2024-01-22 19:09:11,-27.208366,47.20925,-0.00026163440718734304,-0.010279541720882718,-0.011700000000000002
476,2024-01-22 19:09:12,-27.149657,47.193854,-0.0003517435098132869,-0.010391136224375288,-0.011699999999999999
477,2024-01-22 19:09:13,-27.090946,47.17847,-0.00038497877461610847,-0.010456976620920107,-0.011799999999999998
478,2024-01-22 19:09:14,-27.032233,47.163097,-0.00030328350098016155,-0.010430357209079151,-0.011799999999999998
479,2024-01-22 19:09:15,-26.973519,47.147735,0.0003018223960041533,-0.009963110618116888,-0.0117
480,2024-01-22 19:09:16,-26.914803,47.132386,0.0002478446493256181,-0.010045638014702998,-0.011700000000000002
481,2024-01-22 19:09:17,-26.856086,47.117048,4.7138124442914695e-05,-0.010246206402845627,-0.0118
482,2024-01-22 19:09:18,-26.797367,47.101721,0.00011540316636829417,-0.010210839826252635,-0.0117
483,2024-01-22 19:09:19,-26.738646,47.086405,0.0003037492268451458,-0.010078869961126793,-0.0116
484,2024-01-22 19:09:20,-26.679924,47.071101,0.00020299448256107244,-0.010179477141018516,-0.011499999999999996
485,2024-01-22 19:09:21,-26.6212,47.055809,0.0001568656727898828,-0.010255690191458309,-0.0116
486,2024-01-22 19:09:22,-26.562475,47.040527,0.00013909715428638003,-0.01028953625947708,-0.0115
487,2024-01-22 19:09:23,-26.503748,47.025257,0.0001739471154576927,-0.010281051589170143,-0.0114
488,2024-01-22 19:09:24,-26.44502,47.009998,0.00010192963571761804,-0.010358540092256174,-0.011299999999999998
489,2024-01-22 19:09:25,-26.38629,46.994751,0.000314907773766482,-0.010187202533920043,-0.0112
490,2024-01-22 19:09:26,-26.327558,46.979514,0.0005250815860977126,-0.010037672586144585,-0.0111
491,2024-01-22 19:09:27,-26.268825,46.964289,0.0005975805377929633,-0.00999889989581227,-0.011000000000000003
492,2024-01-22 19:09:28,-26.21009,46.949074,0.0007294790901548956,-0.009892789587417232,-0.0109
493,2024-01-22 19:09:29,-26.151354,46.933871,0.0008213612592826089,-0.00983842340388414,-0.010799999999999997
494,2024-01-22 19:09:30,-26.092616,46.918678,0.0007204974047875304,-0.009939118361222493,-0.010700000000000005
495,2024-01-22 19:09:31,-26.033877,46.903497,0.0008317219838484269,-0.009849639938799198,-0.01050000000000001
496,2024-01-22 19:09:32,-25.975136,46.888326,0.0015452584286052562,-0.009275611104908092,-0.010400000000000003
497,2024-01-22 19:09:33,-25.916393,46.873166,0.001601819580095365,-0.009249660123871448,-0.010300000000000004
498,2024-01-22 19:09:34,-25.857649,46.858017,0.0016009314895373272,-0.009250374578740811,-0.010099999999999984
499,2024-01-22 19:09:35,-25.798904,46.842879,0.0017916746193298583,-0.009116476309096677,-0.010000000000000009
500,2024-01-22 19:09:36,-25.740157,46.827752,0.001953737200233896,-0.008986099514726426,-0.00990000000000002
501,2024-01-22 19:09:37,-25.681408,46.812635,0.0023373685949857614,-0.008677474098615467,-0.009700000000000014
502,2024-01-22 19:09:38,-25.622658,46.797529,0.002336443606806682,-0.00867821823703993,-0.00949999999999998
503,2024-01-22 19:09:39,-25.563907,46.782433,0.0022355186186274745,-0.008778962375464494,-0.009399999999999992
504,2024-01-22 19:09:40,-25.505154,46.767348,0.002234593630448395,-0.008779706513888957,-0.009300000000000003
505,2024-01-22 19:09:41,-25.446399,46.752274,0.00267791560865846,-0.008423060963321544,-0.009099999999999997
506,2024-01-22 19:09:42,-25.387643,46.73721,0.0028201567306906927,-0.00830863022048911,-0.008899999999999991
507,2024-01-22 19:09:43,-25.328886,46.722157,0.0028191910557543998,-0.008309407090769064,-0.0087
508,2024-01-22 19:09:44,-25.270126,46.707114,0.0029549154511721715,-0.00820021895188039,-0.008500000000000008
509,2024-01-22 19:09:45,-25.211366,46.692081,0.003049894027237321,-0.008123810183044644,-0.008300000000000002
510,2024-01-22 19:12:20,-16.087686,44.46645,-0.00926385150193048,-0.027688502451095783,-0.023899999999999998
511,2024-01-22 19:12:21,-16.028736,44.452641,-0.008811132489793962,-0.027324297134707735,-0.0237
512,2024-01-22 19:12:22,-15.969784,44.438838,-0.0070408965960447045,-0.025900170233737224,-0.023399999999999997
513,2024-01-22 19:12:23,-15.910832,44.42504,-0.007043512398394224,-0.025902274605536905,-0.023200000000000002
514,2024-01-22 19:12:24,-15.851878,44.411248,-0.0064973226879938215,-0.02546287358425995,-0.023
515,2024-01-22 19:12:25,-15.792924,44.397461,-0.0062414877907380276,-0.025257058437998643,-0.0228
516,2024-01-22 19:12:26,-15.733969,44.38368,-0.006144128451415452,-0.025159182807931675,-0.0225
517,2024-01-22 19:12:27,-15.675013,44.369904,-0.006146769112092422,-0.02516130717786435,-0.0223
518,2024-01-22 19:12:28,-15.616055,44.356133,-0.006149409772769905,-0.025163431547797425,-0.0221
519,2024-01-22 19:12:29,-15.557097,44.342369,-0.00594872899767581,-0.025001987024314297,-0.021899999999999996
520,2024-01-22 19:12:30,-15.498138,44.328609,-0.005704305281089589,-0.02480535199321207,-0.021700000000000004
521,2024-01-22 19:12:31,-15.439178,44.314855,-0.005341514949717843,-0.024513492884410328,-0.0215
522,2024-01-22 19:12:32,-15.380217,44.301106,-0.005228792370261682,-0.024422809344257754,-0.0213
523,2024-01-22 19:12:33,-15.321256,44.287363,-0.004975298236425137,-0.024218877305307727,-0.0212
524,2024-01-22 19:12:34,-15.262293,44.273625,-0.004877944035791714,-0.024121005809235263,-0.020900000000000002
525,2024-01-22 19:12:35,-15.203329,44.259892,-0.004606965410292126,-0.023903007772067095,-0.020699999999999996
526,2024-01-22 19:12:36,-15.144365,44.246165,-0.00436247272772268,-0.023706317258917378,-0.020499999999999997
527,2024-01-22 19:12:37,-15.085399,44.232443,-0.0038888356100417014,-0.023325283656012035,-0.0203
528,2024-01-22 19:12:38,-15.026433,44.218726,-0.003583712113847122,-0.023060265033362178,-0.0201
529,2024-01-22 19:12:39,-14.967466,44.205014,-0.002622836338355935,-0.022287255602698293,-0.0199
530,2024-01-22 19:12:40,-14.908497,44.191307,-0.0024743263674688355,-0.022167781669676426,-0.019700000000000002
531,2024-01-22 19:12:41,-14.849528,44.177606,-0.0024770372499579325,-0.02216996253195118,-0.019499999999999997
532,2024-01-22 19:12:42,-14.790558,44.163909,-0.001824843105635257,-0.021625731038134408,-0.019299999999999998
533,2024-01-22 19:12:43,-14.731587,44.150218,-0.0018275384414747561,-0.021627899393374374,-0.0191
534,2024-01-22 19:12:44,-14.672616,44.136532,-0.0013290469925183526,-0.021226870872334137,-0.0189
535,2024-01-22 19:12:45,-14.613643,44.122851,-0.0009825731045327163,-0.020928586510624743,-0.0186
536,2024-01-22 19:12:46,-14.554669,44.109174,-0.0009852867833463619,-0.02093076962249857,-0.018499999999999996
537,2024-01-22 19:12:47,-14.495695,44.095503,-0.0007674999941343699,-0.020755563580022555,-0.018300000000000004
538,2024-01-22 19:12:48,-14.43672,44.081837,-0.0004074691822676113,-0.020446372886528945,-0.017999999999999995
539,2024-01-22 19:12:49,-14.377744,44.068176,-0.0004101844519169423,-0.02044855727820505,-0.017799999999999996
540,2024-01-22 19:12:51,-14.259789,44.040868,0.00017752078516916625,-0.019956206094766143,-0.0174
541,2024-01-22 19:12:52,-14.20081,44.027222,0.0009524347020479218,-0.019332800051051702,-0.01720000000000002
542,2024-01-22 19:12:55,-14.023868,43.986311,0.001955144250044283,-0.018487032859795444,-0.016499999999999987
543,2024-01-22 19:12:56,-13.964886,43.972684,0.0022245130582573824,-0.018270329895284765,-0.01630000000000001
544,2024-01-22 19:12:58,-13.846919,43.945444,0.002434603841636407,-0.01808176359363392,-0.01580000000000001
545,2024-01-22 19:12:59,-13.787934,43.931831,0.002531913134586977,-0.017983928225085127,-0.015600000000000003
546,2024-01-22 19:13:00,-13.728949,43.918223,0.003048467799547469,-0.01756836813120749,-0.015399999999999997
547,2024-01-22 19:13:01,-13.669962,43.904619,0.0032706378728202257,-0.017370084231047273,-0.015100000000000002
548,2024-01-22 19:13:02,-13.610975,43.89102,0.0038035763904045172,-0.01694134358572702,-0.014900000000000024
549,2024-01-22 19:13:03,-13.551987,43.877426,0.003910875027956118,-0.016835471946746963,-0.014700000000000005
550,2024-01-22 19:13:04,-13.492998,43.863836,0.004087007377891111,-0.016693776244745162,-0.014500000000000013
551,2024-01-22 19:13:05,-13.434009,43.850251,0.004184300387648512,-0.016595953975768893,-0.01419999999999999
552,2024-01-22 19:13:06,-13.375018,43.83667,0.00418159339740562,-0.016598131706792862,-0.013999999999999999
553,2024-01-22 19:13:07,-13.316027,43.823094,0.004597222896032399,-0.016244212745302244,-0.013799999999999993
554,2024-01-22 19:13:08,-13.257034,43.809523,0.004995654187729501,-0.01590412947046982,-0.013500000000000005
555,2024-01-22 19:13:09,-13.198041,43.795956,0.004992957756993002,-0.01590629870653716,-0.013299999999999992
556,2024-01-22 19:13:10,-13.139048,43.782393,0.005355084758431314,-0.015595421661541528,-0.0131
557,2024-01-22 19:13:11,-13.080053,43.768835,0.005775738000532812,-0.015257012752213403,-0.012999999999999998
558,2024-01-22 19:13:12,-13.021058,43.755281,0.006090612675296245,-0.014984149459954785,-0.012700000000000003
559,2024-01-22 19:13:13,-12.962061,43.741732,0.006818164086996828,-0.014398845805848298,-0.0126
560,2024-01-22 19:13:14,-12.903064,43.728187,0.006974852727653871,-0.014253240687104402,-0.012400000000000008
561,2024-01-22 19:13:15,-12.844067,43.714646,0.007469328146640697,-0.01385544299893507,-0.012300000000000005
562,2024-01-22 19:13:16,-12.785068,43.70111,0.0075226738878186455,-0.013812527190182139,-0.012200000000000003
563,2024-01-22 19:13:17,-12.726069,43.687578,0.007620003581970097,-0.013714675409188526,-0.01200000000000001
564,2024-01-22 19:13:18,-12.667068,43.67405,0.0077565619618911175,-0.013604816342899548,-0.011800000000000005
565,2024-01-22 19:13:19,-12.608067,43.660527,0.007817082313744408,-0.013556128672835469,-0.011700000000000002
566,2024-01-22 19:13:20,-12.549066,43.647007,0.007714442665884183,-0.013658252227973039,-0.011700000000000002
567,2024-01-22 19:13:21,-12.490063,43.633492,0.008077808802843756,-0.013365929892642965,-0.0116
568,2024-01-22 19:13:25,-12.254046,43.579474,0.007931275039424833,-0.013581571871275636,-0.011699999999999995
569,2024-01-22 19:13:26,-12.195039,43.56598,0.007628670788956425,-0.013883666949768884,-0.0119
570,2024-01-22 19:13:27,-12.136032,43.55249,0.007571476017172819,-0.013968782392394179,-0.012000000000000004
571,2024-01-22 19:13:41,-11.309855,43.364043,0.0034497099279689747,-0.018555530660732664,-0.017
572,2024-01-22 19:13:42,-11.250837,43.350612,0.0030472080573602234,-0.018957543376240935,-0.017299999999999996
573,2024-01-22 19:13:43,-11.191818,43.337184,0.0030574698353999646,-0.01898839108675813,-0.0174
574,2024-01-22 19:13:44,-11.132799,43.323759,0.0029775669090019163,-0.019111326456870012,-0.017600000000000005
575,2024-01-22 19:13:45,-11.073778,43.310339,0.0029624718864298266,-0.01916257331419098,-0.017700000000000007
576,2024-01-22 19:13:46,-11.014757,43.296922,0.0027360447247396086,-0.019383833549627513,-0.01780000000000001
577,2024-01-22 19:13:47,-10.955736,43.283509,0.003004956781567786,-0.019187049609093648,-0.017799999999999996
578,2024-01-22 19:13:48,-10.896714,43.270099,0.003126465107275961,-0.01910884964910875,-0.017799999999999996
579,2024-01-22 19:13:49,-10.837691,43.256693,0.003024052627581042,-0.01921079045103448,-0.017799999999999996
580,2024-01-22 19:13:50,-10.778667,43.243291,0.0029488185346109863,-0.01929086666881269,-0.01780000000000001
581,2024-01-22 19:13:51,-10.719643,43.229892,0.0028464302556558407,-0.019392788001624348,-0.017799999999999996
582,2024-01-22 19:13:52,-10.660618,43.216497,0.002844041976700795,-0.019394709334435906,-0.017799999999999983
583,2024-01-22 19:13:53,-10.601592,43.203105,0.002830421602374983,-0.019425218285783752,-0.01780000000000001
584,2024-01-22 19:13:54,-10.542565,43.189717,0.0027794834307113825,-0.019485748817453907,-0.0179
585,2024-01-22 19:13:55,-10.483538,43.176332,0.0027771264645410076,-0.019487644959623296,-0.017799999999999983
586,2024-01-22 19:13:56,-10.424511,43.162951,0.0026747694983704495,-0.01958954110179284,-0.0179
587,2024-01-22 19:13:57,-10.365482,43.149573,0.002842144399852725,-0.019454890629169483,-0.0179
588,2024-01-22 19:13:58,-10.306453,43.136198,0.002599985474905059,-0.0196692552457417,-0.018000000000000002
589,2024-01-22 19:13:59,-10.247424,43.122827,0.002766801555784265,-0.01955460591017387,-0.018000000000000002
590,2024-01-22 19:14:00,-10.188393,43.109459,0.002851465530251923,-0.01950604665058131,-0.018100000000000005
591,2024-01-22 19:14:01,-10.129362,43.096095,0.0026450462902838923,-0.019691659253373087,-0.018199999999999994
592,2024-01-22 19:14:02,-10.07033,43.082734,0.0025427106719405623,-0.019793538221551804,-0.01830000000000001
593,2024-01-22 19:14:03,-10.011298,43.069376,0.003042483694882414,-0.01941103026910096,-0.0184
594,2024-01-22 19:14:04,-9.952265,43.056022,0.002458633647767494,-0.019900280012914967,-0.018500000000000016
595,2024-01-22 19:14:05,-9.893232,43.04267,0.0022557489325497615,-0.020102600720882602,-0.018699999999999994
596,2024-01-22 19:14:06,-9.834197,43.029322,0.0025102719907664495,-0.01991739250315097,-0.01880000000000001
597,2024-01-22 19:14:07,-9.775162,43.015977,0.0023075623693060154,-0.020119572350948023,-0.01899999999999999
598,2024-01-22 19:14:08,-9.716127,43.002636,0.002787824364906738,-0.01977231228743692,-0.019199999999999995
599,2024-01-22 19:14:09,-9.657091,42.989297,0.0026854665384122844,-0.019874209121723496,-0.01930000000000001
600,2024-01-22 19:14:10,-9.598054,42.975962,0.0024433736293117125,-0.02012762377894628,-0.019600000000000006
601,2024-01-22 19:14:11,-9.539017,42.96263,0.0022695205082313985,-0.02030658902658508,-0.019799999999999984
602,2024-01-22 19:14:12,-9.479979,42.949301,0.0020672482480481313,-0.020508417024121678,-0.020000000000000018
603,2024-01-22 19:14:13,-9.42094,42.935975,0.001736440184161997,-0.02081365005170968,-0.020100000000000007
604,2024-01-22 19:14:14,-9.361901,42.922652,0.0014340961523360007,-0.021115535788402667,-0.0204
605,2024-01-22 19:14:15,-9.302861,42.909332,0.0010811350220076843,-0.021458142183783502,-0.020699999999999996
606,2024-01-22 19:14:16,-9.24382,42.896016,0.0010076308649665244,-0.02155637827002782,-0.020900000000000002
607,2024-01-22 19:14:17,-9.184779,42.882702,0.0008831992074992134,-0.021715136303099875,-0.021199999999999997
608,2024-01-22 19:14:18,-9.125738,42.869391,0.00047747117028623665,-0.022100192844159455,-0.02149999999999999
609,2024-01-22 19:14:19,-9.066695,42.856083,0.00027538778842559064,-0.022301868892059734,-0.021699999999999997
610,2024-01-22 19:14:20,-9.007652,42.842778,0.000579758172867012,-0.022115662434676248,-0.021999999999999992
611,2024-01-22 19:14:21,-8.948609,42.829476,-0.0012609858288785136,-0.02365516672229273,-0.022299999999999986
612,2024-01-22 19:14:22,-8.889565,42.816177,-0.0021143538309334464,-0.024400342566170574,-0.02260000000000001
613,2024-01-22 19:14:23,-8.83052,42.802881,-0.002016324403186831,-0.024360582584558282,-0.022800000000000015
614,2024-01-22 19:14:24,-8.771475,42.789588,-0.0027187123843051553,-0.02498429737904484,-0.02310000000000001
615,2024-01-22 19:14:25,-8.712429,42.776298,-0.003020678289615969,-0.02528587891891068,-0.023400000000000004
616,2024-01-22 19:14:26,-8.653383,42.76301,-0.003222644194927321,-0.02548746045877695,-0.02360000000000001
617,2024-01-22 19:14:27,-8.594336,42.749725,-0.004034277308886114,-0.026199061242372423,-0.023900000000000005
618,2024-01-22 19:14:28,-8.535288,42.736443,-0.004051848555553017,-0.026252300182985078,-0.02410000000000001
619,2024-01-22 19:14:29,-8.47624,42.723164,-0.004353753532928745,-0.026553832707286534,-0.02429999999999999
620,2024-01-22 19:14:30,-8.417191,42.709887,-0.004885075475441841,-0.027020375992777956,-0.024500000000000022
621,2024-01-22 19:14:31,-8.358142,42.696614,-0.004893458833473807,-0.02706622342166362,-0.0247
622,2024-01-22 19:14:32,-8.299092,42.683343,-0.005195313692700987,-0.027367715626703773,-0.02510000000000001
623,2024-01-22 19:14:33,-8.240042,42.670074,-0.005471049138280393,-0.027628643600081493,-0.025400000000000006
624,2024-01-22 19:14:34,-8.180991,42.656809,-0.005672866381392444,-0.02783010554354938,-0.025599999999999998
625,2024-01-22 19:14:35,-8.12194,42.643545,-0.005779537482741834,-0.027955023914216462,-0.025899999999999992
626,2024-01-22 19:14:36,-8.062888,42.630285,-0.005763577411927123,-0.027961735863246087,-0.025999999999999995
627,2024-01-22 19:14:37,-8.003835,42.617027,-0.005648841769809287,-0.027908535995241512,-0.02629999999999999
628,2024-01-22 19:14:38,-7.944782,42.603772,-0.006894249377161876,-0.028949549953532078,-0.026499999999999996
629,2024-01-22 19:14:39,-7.885728,42.590519,-0.007263935611782013,-0.029266508282588755,-0.02679999999999999
630,2024-01-22 19:14:40,-7.826674,42.577269,-0.007788677186247456,-0.02972775776560553,-0.0271
631,2024-01-22 19:14:41,-7.767619,42.564021,-0.00814166435594324,-0.030031281959887413,-0.02729999999999999
632,2024-01-22 19:14:42,-7.708564,42.550776,-0.008243335348651237,-0.030132626247208194,-0.02750000000000001
633,2024-01-22 19:14:43,-7.649508,42.537533,-0.008544188658343804,-0.030413761146738938,-0.02780000000000002
634,2024-01-22 19:14:44,-7.590452,42.524293,-0.00864584617600972,-0.030515094593600578,-0.028099999999999986
635,2024-01-22 19:14:45,-7.531395,42.511055,-0.00912095989925904,-0.03091686767711388,-0.028299999999999992
636,2024-01-22 19:14:46,-7.472338,42.49782,-0.009408731398407921,-0.031148375316698867,-0.02839999999999998
637,2024-01-22 19:14:47,-7.41328,42.484587,-0.009436341107665613,-0.031190138467712097,-0.028599999999999987
638,2024-01-22 19:14:48,-7.354222,42.471357,-0.009613114358380997,-0.03135190133897961,-0.028799999999999992
639,2024-01-22 19:14:49,-7.295163,42.458128,-0.009618158678618677,-0.03135595941517891,-0.028999999999999998
640,2024-01-22 19:14:50,-7.236103,42.444902,-0.0097197679242296,-0.031457254027932424,-0.029200000000000004
641,2024-01-22 19:14:51,-7.177043,42.431679,-0.009755012565953541,-0.03148560778720902,-0.02930000000000002
642,2024-01-22 19:14:52,-7.117983,42.418458,-0.009719608235087301,-0.03145712556053201,-0.02939999999999998
643,2024-01-22 19:14:53,-7.058922,42.405239,-0.009686067081238342,-0.03143014223042642,-0.0295
644,2024-01-22 19:14:54,-6.999861,42.392022,-0.00963294464465253,-0.031387406066701484,-0.029700000000000032
645,2024-01-22 19:14:55,-6.940799,42.378807,-0.010890082586364508,-0.03239875374490894,-0.02980000000000002
646,2024-01-22 19:14:56,-6.881737,42.365595,-0.011208827163695978,-0.03265517873816495,-0.02990000000000001
647,2024-01-22 19:14:57,-6.822674,42.352385,-0.011770371179508965,-0.03310693205636511,-0.03
648,2024-01-22 19:14:58,-6.76361,42.339177,-0.01167174692190387,-0.033008038819458296,-0.03
649,2024-01-22 19:14:59,-6.704547,42.325972,-0.011696187230009841,-0.0330277006624729,-0.030200000000000005
650,2024-01-22 19:15:00,-6.645482,42.312768,-0.011883859767438554,-0.033159128688912354,-0.030200000000000005
651,2024-01-22 19:15:01,-6.586418,42.299567,-0.01221580204497219,-0.03340661944947948,-0.030200000000000005
652,2024-01-22 19:15:02,-6.527352,42.286367,-0.012052062254966855,-0.03325534179211789,-0.030200000000000005
653,2024-01-22 19:15:03,-6.468287,42.27317,-0.011952062255129625,-0.03315534179224888,-0.030200000000000005
654,2024-01-22 19:15:04,-6.40922,42.259975,-0.011852062255294948,-0.03305534179238187,-0.03030000000000002
655,2024-01-22 19:15:05,-6.350154,42.246782,-0.012233069745730574,-0.03334230474410854,-0.03030000000000002
656,2024-01-22 19:15:06,-6.291087,42.233591,-0.012133069745897923,-0.03324230474424314,-0.030299999999999994
657,2024-01-22 19:15:07,-6.232019,42.220401,-0.012033069746068104,-0.03314230474438004,-0.03030000000000002
658,2024-01-22 19:15:08,-6.172951,42.207214,-0.011862436789059988,-0.03296593006803006,-0.030200000000000005
659,2024-01-22 19:15:09,-6.113883,42.194029,-0.011911642604201078,-0.03298596379679691,-0.03030000000000002
660,2024-01-22 19:15:10,-6.054814,42.180846,-0.012397819457407144,-0.03333798227011148,-0.030200000000000005
661,2024-01-22 19:15:11,-5.995744,42.167665,-0.012272203270474902,-0.03319782287641743,-0.030099999999999988
662,2024-01-22 19:15:12,-5.936675,42.154485,-0.013281963952328418,-0.033971056295108965,-0.03
663,2024-01-22 19:15:13,-5.877604,42.141308,-0.013081963952607856,-0.03377105629533378,-0.03
664,2024-01-22 19:15:14,-5.818534,42.128132,-0.012966915619867653,-0.033639398573927365,-0.029899999999999982
665,2024-01-22 19:15:15,-5.759463,42.114958,-0.013296304095372247,-0.03384573169161628,-0.029799999999999993
666,2024-01-22 19:15:16,-5.700391,42.101786,-0.013096304095667893,-0.033645731691854114,-0.029799999999999993
667,2024-01-22 19:15:17,-5.641319,42.088616,-0.013268748162264699,-0.03372580550394899,-0.029600000000000015
668,2024-01-22 19:15:18,-5.582247,42.075448,-0.013213586292121493,-0.03364232549868171,-0.029599999999999987
669,2024-01-22 19:15:19,-5.523174,42.062281,-0.01313567065277188,-0.03352098886970692,-0.02940000000000001
670,2024-01-22 19:15:20,-5.464101,42.049116,-0.012835670653100706,-0.033220988869971435,-0.029299999999999993
671,2024-01-22 19:15:21,-5.405027,42.035953,-0.012535670653434694,-0.03292098887024014,-0.029200000000000004
672,2024-01-22 19:15:22,-5.345953,42.022792,-0.012611601091583075,-0.03292341898802904,-0.0291
673,2024-01-22 19:15:23,-5.286879,42.009632,-0.012682786043507893,-0.0329220314368773,-0.028999999999999998
674,2024-01-22 19:15:24,-5.227804,41.996474,-0.01334304515616555,-0.033374993197322095,-0.02889999999999998
675,2024-01-22 19:15:25,-5.168729,41.983318,-0.013043045156606897,-0.03307499319767716,-0.028800000000000006
676,2024-01-22 19:15:26,-5.109653,41.970163,-0.012643045157054306,-0.0326749931980371,-0.028599999999999987
677,2024-01-22 19:15:27,-5.050577,41.95701,-0.012368357167750144,-0.032395356312058726,-0.02850000000000001
678,2024-01-22 19:15:28,-4.991501,41.943858,-0.012293929832931733,-0.032257274394469626,-0.028300000000000006
679,2024-01-22 19:15:29,-4.932424,41.930708,-0.013165595894792978,-0.03288030971656572,-0.02819999999999999
680,2024-01-22 19:15:30,-4.873346,41.91756,-0.012865595895341225,-0.0325803097170068,-0.028100000000000014
681,2024-01-22 19:15:31,-4.814269,41.904413,-0.012627831417297453,-0.032310825639730256,-0.027900000000000008
682,2024-01-22 19:15:32,-4.755191,41.891268,-0.012922756463783408,-0.03246988189678238,-0.027700000000000002
683,2024-01-22 19:15:33,-4.696112,41.878124,-0.012522756464397586,-0.032069881897276484,-0.027499999999999997
684,2024-01-22 19:15:34,-4.637034,41.864982,-0.012717424121216403,-0.03214828266307451,-0.027300000000000005
685,2024-01-22 19:15:35,-4.577955,41.851841,-0.01240440863402606,-0.03181826033390216,-0.027200000000000002
686,2024-01-22 19:15:36,-4.518875,41.838701,-0.012004408634671865,-0.0314182603344217,-0.026999999999999996
687,2024-01-22 19:15:37,-4.459795,41.825563,-0.012327215665143068,-0.03161929878321795,-0.026900000000000007
688,2024-01-22 19:15:38,-4.400715,41.812427,-0.011927215665863522,-0.031219298783797547,-0.026699999999999988
689,2024-01-22 19:15:39,-4.341634,41.799291,-0.011949530409683606,-0.031159044345094977,-0.026499999999999996
690,2024-01-22 19:15:40,-4.282554,41.786158,-0.011670831287367428,-0.0308566289910909,-0.026300000000000004
691,2024-01-22 19:15:41,-4.223472,41.773025,-0.011370831288187777,-0.030556628991750878,-0.02629999999999999
692,2024-01-22 19:15:42,-4.164391,41.759894,-0.011161547654590515,-0.030310057305349386,-0.026100000000000012
693,2024-01-22 19:15:43,-4.105309,41.746764,-0.010761547655433329,-0.029910057306027416,-0.025900000000000006
694,2024-01-22 19:15:44,-4.046226,41.733635,-0.010608439906847844,-0.02972822980920746,-0.02579999999999999
695,2024-01-22 19:15:45,-3.987144,41.720508,-0.011668117026461783,-0.030522068641373093,-0.025700000000000014
696,2024-01-22 19:15:46,-3.928061,41.707382,-0.012544404419242872,-0.031148821751423028,-0.025499999999999995
697,2024-01-22 19:15:47,-3.868977,41.694257,-0.01285749070951303,-0.03134204001779811,-0.025499999999999995
698,2024-01-22 19:15:48,-3.809894,41.681133,-0.013084027930684444,-0.03146563092095414,-0.025400000000000006
699,2024-01-22 19:15:49,-3.75081,41.668011,-0.012884027931808997,-0.031265630921858814,-0.025399999999999992
700,2024-01-22 19:15:50,-3.691725,41.65489,-0.012957971733063914,-0.031266462821550114,-0.02529999999999999
701,2024-01-22 19:15:51,-3.63264,41.64177,-0.012657971734352791,-0.030966462822587,-0.025199999999999986
702,2024-01-22 19:15:52,-3.573555,41.628651,-0.012905294572780335,-0.03112632700219864,-0.0252
703,2024-01-22 19:15:53,-3.51447,41.615533,-0.0129062330155503,-0.03108797881526959,-0.025300000000000017
704,2024-01-22 19:15:54,-3.455385,41.602416,-0.013099199925154903,-0.031204114506075104,-0.02529999999999999
705,2024-01-22 19:15:55,-3.396299,41.5893,-0.013119759449330054,-0.0311815511701673,-0.025300000000000017
706,2024-01-22 19:15:56,-3.337212,41.576186,-0.013096303499964795,-0.031123578078899067,-0.02529999999999999
707,2024-01-22 19:15:57,-3.278126,41.563072,-0.013115210663179194,-0.03109968544461772,-0.025300000000000003
708,2024-01-22 19:15:58,-3.219039,41.549959,-0.013015210664748394,-0.03099968544588011,-0.025400000000000006
709,2024-01-22 19:15:59,-3.159952,41.536848,-0.013142600528778053,-0.03106306543614923,-0.025399999999999992
710,2024-01-22 19:16:00,-3.100864,41.523737,-0.013980933398630921,-0.031717939454205715,-0.025599999999999998
711,2024-01-22 19:16:01,-3.041776,41.510628,-0.01378158978160579,-0.03151846750397308,-0.025599999999999998
712,2024-01-22 19:16:02,-2.982688,41.497519,-0.015211014804133657,-0.03264886585104665,-0.0257
713,2024-01-22 19:16:03,-2.9236,41.484411,-0.01511159104075055,-0.03254932942433107,-0.025800000000000003
714,2024-01-22 19:16:04,-2.864511,41.471304,-0.0161649787777962,-0.033377211696618156,-0.025999999999999995
715,2024-01-22 19:16:05,-2.805422,41.458199,-0.01651881961941487,-0.033642319507159346,-0.0262
716,2024-01-22 19:16:06,-2.746333,41.445093,-0.01651931074944367,-0.0336427146135338,-0.026400000000000007
717,2024-01-22 19:16:07,-2.687244,41.431989,-0.016419801879506465,-0.033543109719935585,-0.0266
718,2024-01-22 19:16:08,-2.628154,41.418886,-0.016504839584756403,-0.033591969640057395,-0.026700000000000015
719,2024-01-22 19:16:09,-2.569064,41.405783,-0.01673002890406272,-0.033773130901428125,-0.026999999999999996
720,2024-01-22 19:16:10,-2.509974,41.392682,-0.017283168205945845,-0.03419857118493909,-0.027200000000000002
721,2024-01-22 19:16:11,-2.450883,41.379581,-0.017589683046265292,-0.034425605972668166,-0.02729999999999999
722,2024-01-22 19:16:12,-2.391792,41.36648,-0.01787560906105154,-0.034655628949143896,-0.027599999999999986
723,2024-01-22 19:16:13,-2.332701,41.353381,-0.017775976355521472,-0.034555924431761226,-0.02769999999999999
724,2024-01-22 19:16:14,-2.27361,41.340282,-0.01818047877608528,-0.03488134025948608,-0.027999999999999997
725,2024-01-22 19:16:15,-2.214518,41.327184,-0.01818083006441734,-0.03488162286541757,-0.028200000000000003
726,2024-01-22 19:16:16,-2.155426,41.314087,-0.018403245172807947,-0.03504100074311153,-0.02840000000000001
727,2024-01-22 19:16:17,-2.096334,41.30099,-0.01882041551467528,-0.03537660771404583,-0.028700000000000003
728,2024-01-22 19:23:55,24.94511,35.0509,0.007205893690241327,-0.0021409113160524573,-0.0006999999999999923
729,2024-01-22 19:23:56,25.003992,35.035893,0.006620131107324345,-0.002612148090122862,-0.000800000000000009
730,2024-01-22 19:23:57,25.062872,35.020875,0.005962467640730513,-0.0031412279929024615,-0.001
731,2024-01-22 19:23:58,25.12175,35.005847,0.00594536839675679,-0.0031549840654209495,-0.0011000000000000003
732,2024-01-22 19:23:59,25.180628,34.990809,0.005928048345477701,-0.0031689177739395993,-0.0013
733,2024-01-22 19:24:00,25.239504,34.97576,0.005595256400438731,-0.003417092078635199,-0.001299999999999999
734,2024-01-22 19:24:01,25.298379,34.960701,0.005187477137923349,-0.003745144074110293,-0.0015000000000000013
735,2024-01-22 19:24:03,25.416125,34.930551,0.004514671129830505,-0.004286405913079265,-0.001799999999999996
736,2024-01-22 19:24:04,25.474996,34.91546,0.0044943777168503715,-0.0043027316442654645,-0.001899999999999999
737,2024-01-22 19:24:05,25.533866,34.900358,0.004473818797321304,-0.00431927097128941,-0.0021000000000000046
738,2024-01-22 19:24:06,25.592735,34.885246,0.0038715386584772665,-0.004803795859004478,-0.0022000000000000075
739,2024-01-22 19:24:07,25.651603,34.870123,0.0038496504149068272,-0.004821404606287105,-0.0023999999999999994
740,2024-01-22 19:24:08,25.710469,34.85499,0.0036471433251368673,-0.004984318371168368,-0.0025000000000000022
741,2024-01-22 19:24:09,25.769334,34.839845,0.0034964549332985317,-0.005085993234862307,-0.002599999999999991
742,2024-01-22 19:24:10,25.828197,34.82469,0.003257548174411498,-0.005278189960369967,-0.002700000000000008
743,2024-01-22 19:24:11,25.887059,34.809524,0.0031443676605157345,-0.005369241901568178,-0.0029
744,2024-01-22 19:24:12,25.94592,34.794347,0.002822746554230718,-0.00562798101707121,-0.0030000000000000027
745,2024-01-22 19:24:13,26.00478,34.77916,0.00237964277660746,-0.005984451028702487,-0.0032000000000000084
746,2024-01-22 19:24:14,26.063639,34.763961,0.0013731532965300247,-0.006794155966436163,-0.0032999999999999974
747,2024-01-22 19:24:15,26.122496,34.748751,0.0012583573751198673,-0.006886507477542186,-0.003500000000000003
748,2024-01-22 19:24:16,26.181352,34.73353,0.0011453640585518399,-0.006957857246758015,-0.003500000000000003
749,2024-01-22 19:24:17,26.240206,34.718298,0.0009148636419116785,-0.007143291202301005,-0.003699999999999981
750,2024-01-22 19:24:18,26.299059,34.703055,0.0007275804188807411,-0.007293957606117923,-0.003799999999999998
751,2024-01-22 19:24:19,26.357911,34.687801,0.0006989215806847693,-0.00731701319016162,-0.0040000000000000036
752,2024-01-22 19:24:20,26.416762,34.672536,0.00041698469779544167,-0.007543826972842338,-0.00410000000000002
753,2024-01-22 19:24:21,26.475611,34.657259,0.00011985134026215594,-0.007782866080078277,-0.004200000000000009
754,2024-01-22 19:24:22,26.534459,34.641971,8.813567882623441e-05,-0.00780838083028329,-0.004299999999999998
755,2024-01-22 19:24:23,26.593306,34.626672,-0.0001904365348594783,-0.008012936214892463,-0.004299999999999998
756,2024-01-22 19:24:24,26.652151,34.611361,-0.0004216521644496707,-0.008198945547991499,-0.004500000000000004
757,2024-01-22 19:24:25,26.710995,34.596039,-0.00045292796306548033,-0.008224106435484158,-0.004599999999999993
758,2024-01-22 19:24:26,26.769837,34.580706,-0.00048465855100673916,-0.008249633193827682,-0.004699999999999982
759,2024-01-22 19:24:27,26.828679,34.565361,-0.0009603188173820387,-0.008632294387999478,-0.004799999999999999
760,2024-01-22 19:24:28,26.887518,34.550004,-0.000994732638347734,-0.008659979765058834,-0.0049000000000000155
761,2024-01-22 19:24:29,26.946357,34.534636,-0.0015046796644174187,-0.009050672542817995,-0.0050000000000000044
762,2024-01-22 19:24:30,27.005194,34.519256,-0.0019453088616802894,-0.009405151793516087,-0.005099999999999993
763,2024-01-22 19:24:31,27.06403,34.503865,-0.002394958804731062,-0.009766888092152648,-0.00520000000000001
764,2024-01-22 19:24:32,27.122864,34.488462,-0.0030541447424382584,-0.010297192798968902,-0.005299999999999999
765,2024-01-22 19:24:33,27.181697,34.473047,-0.0032837431769341396,-0.010481901124080206,-0.005400000000000016
766,2024-01-22 19:24:34,27.240529,34.457621,-0.0034464274549916296,-0.01061277806402064,-0.005599999999999994
767,2024-01-22 19:24:35,27.299359,34.442182,-0.003282039244495938,-0.010480530337265148,-0.005700000000000038
768,2024-01-22 19:24:36,27.358188,34.426732,-0.0037381655469382047,-0.01084747676505024,-0.0058
769,2024-01-22 19:24:37,27.417016,34.41127,-0.003935978064668527,-0.011006613820650102,-0.005899999999999989
770,2024-01-22 19:24:38,27.475842,34.395796,-0.0038817923031158608,-0.01094347065405335,-0.005899999999999989
771,2024-01-22 19:24:39,27.534667,34.38031,-0.0039283008327783975,-0.010980886033806342,-0.006099999999999994
772,2024-01-22 19:24:40,27.59349,34.364812,-0.0044625709310841255,-0.01141069791484886,-0.006200000000000011
773,2024-01-22 19:24:41,27.652312,34.349302,-0.004512092008766344,-0.011450536842045667,-0.0063
774,2024-01-22 19:24:42,27.711132,34.333779,-0.004642349678424668,-0.011555327086144318,-0.006399999999999989
775,2024-01-22 19:25:43,31.296343,33.36221,0.002984233358227062,-0.0014313398927144616,0.007800000000000001
776,2024-01-22 19:25:44,31.355067,33.345846,0.002990021510291263,-0.001426683415523683,0.007700000000000012
777,2024-01-22 19:25:45,31.41379,33.329467,0.003000645101133209,-0.001418136903978906,0.007599999999999996
778,2024-01-22 19:25:46,31.472511,33.313074,0.0030076388160027445,-0.0014125105704949903,0.007599999999999996
779,2024-01-22 19:25:47,31.53123,33.296664,0.00301586639518861,-0.0014058916125980203,0.007500000000000007
780,2024-01-22 19:25:48,31.589948,33.28024,0.0030252523804968345,-0.0013983407352167743,0.00739999999999999
781,2024-01-22 19:25:49,31.648664,33.2638,0.0030351034022292334,-0.0013904157433551334,0.00739999999999999
782,2024-01-22 19:25:50,31.707378,33.247345,0.003045480240146725,-0.0013820677406524984,0.007300000000000001
783,2024-01-22 19:25:51,31.766091,33.230874,0.003056141372412252,-0.0013734910276236023,0.007300000000000001
784,2024-01-22 19:25:52,31.824802,33.214388,0.0030670683343111127,-0.0013647004588406564,0.007200000000000012
785,2024-01-22 19:25:53,31.883511,33.197886,0.0030782504741492522,-0.0013557046034237963,0.007099999999999995
786,2024-01-22 19:25:54,31.942218,33.181369,0.0030896791118793787,-0.00134651044433437,0.007100000000000023
787,2024-01-22 19:25:55,32.000924,33.164836,0.003100787563289825,-0.0013375738700972528,0.007000000000000006
788,2024-01-22 19:25:56,32.059627,33.148287,0.0031127580505783126,-0.0013279438015705303,0.0069999999999999785
789,2024-01-22 19:25:57,32.118329,33.131723,0.003125115798381123,-0.0013180021880581372,0.006900000000000017
790,2024-01-22 19:25:58,32.17703,33.115143,0.003137757181070455,-0.0013078323947459114,0.0068000000000000005
791,2024-01-22 19:25:59,32.235728,33.098546,0.0031510851498589565,-0.0012971102537284174,0.0068000000000000005
792,2024-01-22 19:26:00,32.294425,33.081934,0.003164894522841244,-0.001286000830617584,0.006699999999999984
793,2024-01-22 19:26:01,32.35312,33.065306,0.003179220492273954,-0.0012744758137971657,0.006599999999999995
794,2024-01-22 19:26:02,32.411813,33.048661,0.00319401246828549,-0.0012625759020221672,0.0066000000000000225
795,2024-01-22 19:26:03,32.470505,33.032001,0.003209063151696362,-0.0012504678642182299,0.006499999999999978
796,2024-01-22 19:26:04,32.529194,33.015324,0.0032243305357891328,-0.001238185494128019,0.006399999999999989
797,2024-01-22 19:26:05,32.587882,32.998632,0.0032397837460378387,-0.0012257536298215799,0.006399999999999989
798,2024-01-22 19:26:06,32.646568,32.981922,0.0032551482527484743,-0.0012133931261146813,0.0063
799,2024-01-22 19:26:07,32.705253,32.965197,0.0032702655627032395,-0.0012012314883053377,0.0063
800,2024-01-22 19:26:08,32.763935,32.948455,0.003285006815839736,-0.001189372382284587,0.006199999999999983
801,2024-01-22 19:26:09,32.822616,32.931697,0.003299051834813785,-0.0011780733856840697,0.006100000000000008
802,2024-01-22 19:26:10,32.881295,32.914922,0.003312743650565303,-0.0011670585355142565,0.006100000000000008
803,2024-01-22 19:26:11,32.939972,32.89813,0.003325773885740513,-0.001156575916500313,0.005999999999999978
804,2024-01-22 19:26:12,32.998647,32.881322,0.003337797565268641,-0.0011469030556544024,0.005899999999999989
805,2024-01-22 19:26:13,33.05732,32.864497,0.003349293345103449,-0.0011376548817990384,0.005899999999999989
806,2024-01-22 19:26:14,33.115992,32.847656,0.0033603429364538195,-0.001128765659553388,0.0058
807,2024-01-22 19:26:15,33.174661,32.830797,0.003370699700294605,-0.0011204338061293617,0.005699999999999983
808,2024-01-22 19:26:16,33.233329,32.813922,0.0033804750002018324,-0.0011125697312836802,0.005700000000000011
809,2024-01-22 19:26:17,33.291995,32.79703,0.0033897768118533733,-0.0011050865702837698,0.005599999999999994
810,2024-01-22 19:26:18,33.350659,32.78012,0.003398667414675982,-0.0010979342203115416,0.005500000000000005
811,2024-01-22 19:26:19,33.409321,32.763194,0.003407354089741743,-0.0010909459270084798,0.005499999999999977
812,2024-01-22 19:26:20,33.467982,32.746251,0.003415949378738292,-0.0010840311523590551,0.005399999999999988
813,2024-01-22 19:26:21,33.52664,32.72929,0.003425325152251746,-0.0010764884902058902,0.005299999999999999
814,2024-01-22 19:26:22,33.585297,32.712312,0.0034351816068560748,-0.0010685591276843598,0.005299999999999999
815,2024-01-22 19:26:23,33.643952,32.695317,0.0034458131318171326,-0.0010600062332656868,0.00520000000000001
816,2024-01-22 19:26:24,33.702604,32.678304,0.0034573168433759405,-0.0010507516784632742,0.005099999999999993
817,2024-01-22 19:26:25,33.761255,32.661274,0.0034693542647152575,-0.0010410677625466436,0.005100000000000021
818,2024-01-22 19:26:26,33.819904,32.644227,0.0034815267722498044,-0.0010312751719131485,0.0050000000000000044
819,2024-01-22 19:26:27,33.878551,32.627162,0.003493699998737873,-0.0010214820028928706,0.004899999999999988
820,2024-01-22 19:26:29,33.99584,32.592979,0.003517270021478433,-0.0010025202907505276,0.004799999999999999
821,2024-01-22 19:26:30,34.054481,32.575861,0.0035284550708112317,-0.0009935220946910156,0.004799999999999999
822,2024-01-22 19:26:31,34.113121,32.558725,0.00353921337063387,-0.000984867211892504,0.004799999999999999
823,2024-01-22 19:26:32,34.171758,32.541571,0.003549565290502696,-0.0009765392553676422,0.00470000000000001
824,2024-01-22 19:26:33,34.230394,32.5244,0.0035614911255974213,-0.0009669451088276798,0.004699999999999996
825,2024-01-22 19:26:34,34.289027,32.50721,0.0035709077399520422,-0.0009593695908609312,0.004599999999999993
826,2024-01-22 19:26:35,34.347659,32.490002,0.003579904722295274,-0.0009521316602394969,0.004599999999999993
827,2024-01-22 19:26:36,34.406289,32.472776,0.0035887918638816407,-0.000944982094777308,0.004599999999999993
828,2024-01-22 19:26:37,34.464917,32.455532,0.003599553088207974,-0.0009363248592615947,0.004500000000000004
829,2024-01-22 19:26:38,34.523542,32.43827,0.0037139215990762142,-0.0008247656185261798,0.004599999999999993
830,2024-01-22 19:26:39,34.582166,32.420989,0.0037313058823240375,-0.0008107802364001326,0.004500000000000004
831,2024-01-22 19:26:40,34.640788,32.40369,0.0037587954890368758,-0.0007886652806729788,0.004500000000000004
832,2024-01-22 19:26:41,34.699408,32.386373,0.0037784099021837825,-0.0007728857941605438,0.004400000000000015
833,2024-01-22 19:26:49,35.168294,32.247161,0.0038036596666604083,-0.0007525727562420759,0.004100000000000048
834,2024-01-22 19:26:50,35.226896,32.229675,0.003799164919273623,-0.0007561887097368714,0.00410000000000002
835,2024-01-22 19:26:51,35.285496,32.212169,0.003764550173468939,-0.0007840357276652776,0.0040000000000000036
836,2024-01-22 19:26:52,35.344093,32.194644,0.0037487021554908906,-0.000796785208573042,0.0040000000000000036
837,2024-01-22 19:26:53,35.402689,32.1771,0.0038271245073341065,-0.000714144086736257,0.0040000000000000036
838,2024-01-22 19:26:54,35.461282,32.159537,0.0038043255686565636,-0.0007324854738920139,0.0040000000000000036
839,2024-01-22 19:26:55,35.519874,32.141954,0.0037812129693600705,-0.0007510791960765595,0.0039000000000000146
840,2024-01-22 19:26:56,35.578463,32.124352,0.00357104539905867,-0.0009201556969173352,0.0039000000000000146
841,2024-01-22 19:26:57,35.637051,32.10673,0.0035396329635914714,-0.0009454265066053402,0.003799999999999998
842,2024-01-22 19:26:58,35.695636,32.089088,0.003506908823798366,-0.000971752561768402,0.003799999999999998
843,2024-01-22 19:26:59,35.754219,32.071427,0.003479051988374837,-0.0009941629472106084,0.003799999999999998
844,2024-01-22 19:27:02,35.929956,32.018325,0.0032393718483383904,-0.0011869818456746728,0.00360000000000002
845,2024-01-22 19:27:03,35.98853,32.000585,0.002648683157912113,-0.0016621815956658903,0.003599999999999992
846,2024-01-22 19:27:04,36.047103,31.982824,0.0025065622052442005,-0.0017765156641370017,0.0034999999999999476
847,2024-01-22 19:27:05,36.105674,31.965044,0.002448726526199152,-0.0018230435572018644,0.003500000000000003
848,2024-01-22 19:27:06,36.164242,31.947243,0.0024087088434747717,-0.0018552371528031686,0.003400000000000014
849,2024-01-22 19:27:07,36.222808,31.929422,0.002344929182087785,-0.0019065468860633983,0.0033999999999999586
850,2024-01-22 19:27:08,36.281372,31.91158,0.002310188178250683,-0.0019344954765907474,0.0032999999999999696
851,2024-01-22 19:27:09,36.339934,31.893718,0.002274054852214824,-0.001963564168402321,0.003300000000000025
852,2024-01-22 19:27:10,36.398494,31.875836,0.002240621689690192,-0.0019904606211880727,0.0032999999999999696
853,2024-01-22 19:27:11,36.457051,31.857933,0.0019501214280977508,-0.002224163507189625,0.003300000000000025
854,2024-01-22 19:27:12,36.515607,31.84001,0.0019232457840223094,-0.0022457845396429144,0.003300000000000025
855,2024-01-22 19:28:33,41.250784,30.312264,0.0015884532056775758,-0.001830814783209067,0.0049000000000000155
856,2024-01-22 19:28:34,41.309139,30.292364,0.0015620876430086361,-0.0018520254632030109,0.0049000000000000155
857,2024-01-22 19:28:35,41.36749,30.272437,0.0015621581094823478,-0.0018519687740345403,0.0049000000000000155
858,2024-01-22 19:28:36,41.425839,30.252481,0.0015622384086443897,-0.001851904174623109,0.0049000000000000155
859,2024-01-22 19:28:37,41.484185,30.232497,0.0015329373023921788,-0.00187547645320435,0.00489999999999996
860,2024-01-22 19:28:38,41.542528,30.212485,0.0015285098008217535,-0.0018790383084987816,0.00489999999999996
861,2024-01-22 19:28:39,41.600869,30.192444,0.001510884818539393,-0.0018932173292078858,0.0049000000000000155
862,2024-01-22 19:28:40,41.659207,30.172375,0.0014976311049236801,-0.001903879733108127,0.004799999999999971
863,2024-01-22 19:28:41,41.717541,30.152277,0.0014776705505143983,-0.001919937684815548,0.0048000000000000265
864,2024-01-22 19:28:42,41.775873,30.13215,0.0014794969593945329,-0.0019184683676315706,0.004799999999999999
865,2024-01-22 19:28:43,41.834203,30.111995,0.0013627788034290267,-0.0020319178608483868,0.00470000000000001
866,2024-01-22 19:28:44,41.892529,30.09181,0.0013365977904134518,-0.0020529800735522297,0.004699999999999982
867,2024-01-22 19:28:45,41.950852,30.071596,0.001336873236560343,-0.0020527584814644673,0.00470000000000001
868,2024-01-22 19:28:46,42.009173,30.051353,0.0012809898400103215,-0.0020977157940042512,0.00470000000000001
869,2024-01-22 19:28:47,42.067491,30.031081,0.001232977525138873,-0.002136340945278009,0.004599999999999993
870,2024-01-22 19:28:48,42.125806,30.010779,0.0012136389862401065,-0.0021518984953019793,0.004599999999999993
871,2024-01-22 19:28:49,42.184117,29.990448,0.001190056401801809,-0.002170870313132345,0.004599999999999993
872,2024-01-22 19:28:50,42.242427,29.970087,0.0011864982993164963,-0.002173732750553048,0.004600000000000021
873,2024-01-22 19:28:51,42.300733,29.949697,0.0011868442175596572,-0.0021734544647735166,0.004599999999999993
874,2024-01-22 19:28:52,42.359036,29.929276,0.00117662213505898,-0.002181677969180229,0.004500000000000004
875,2024-01-22 19:28:53,42.417336,29.908825,0.001140597332458887,-0.002210659355596639,0.004500000000000004
876,2024-01-22 19:28:54,42.475634,29.888345,0.001131560134952525,-0.002217929638683558,0.004500000000000004
877,2024-01-22 19:28:55,42.533928,29.867834,0.0010085609214375568,-0.0023364321437923385,0.004400000000000015
878,2024-01-22 19:28:56,42.59222,29.847292,0.0009995807840963988,-0.002343656522874854,0.004400000000000015
879,2024-01-22 19:28:57,42.650508,29.82672,0.0009890321185280215,-0.0023521427582169074,0.004400000000000015
880,2024-01-22 19:28:58,42.708794,29.806118,0.0009744396656636289,-0.002363882156761865,0.004299999999999998
881,2024-01-22 19:28:59,42.767076,29.785485,0.0009697667185717684,-0.0023676414691133074,0.004299999999999998
882,2024-01-22 19:29:00,42.825356,29.764821,0.0009613629872693152,-0.0023744021386142566,0.004300000000000026
883,2024-01-22 19:29:01,42.883632,29.744126,0.0009618343805891383,-0.0023740229101113786,0.004299999999999998
884,2024-01-22 19:29:02,42.941906,29.7234,0.000934808978929863,-0.002395764420182689,0.004299999999999998
885,2024-01-22 19:29:03,43.000177,29.702642,0.0007803690912674965,-0.002539560452553047,0.0041999999999999815
886,2024-01-22 19:29:04,43.058444,29.681854,0.0007072842522723999,-0.002598356054672235,0.0040999999999999925
887,2024-01-22 19:29:05,43.116709,29.661034,0.0006891209211849214,-0.0026129681685177764,0.00410000000000002
888,2024-01-22 19:29:06,43.17497,29.640182,0.0006836531666868373,-0.0026173668909118264,0.0040999999999999925
889,2024-01-22 19:29:07,43.233228,29.619299,0.0006699998185207834,-0.0026283507945149,0.0040999999999999925
890,2024-01-22 19:29:08,43.291484,29.598384,0.0006527280325403506,-0.002642245674360777,0.00410000000000002
891,2024-01-22 19:29:09,43.349736,29.577437,0.0006532502120202843,-0.0026418255891918208,0.0040999999999999925
892,2024-01-22 19:29:10,43.407985,29.556458,0.0006445203966242152,-0.002648848588211322,0.0040000000000000036
893,2024-01-22 19:29:11,43.466231,29.535447,0.0005359571024617649,-0.002755737623520521,0.0039000000000000146
894,2024-01-22 19:29:12,43.524474,29.514403,0.000504016571830801,-0.002781433277451978,0.0039000000000000146
895,2024-01-22 19:29:13,43.582714,29.493327,0.0004959007388462555,-0.0027879623372896734,0.0039000000000000146
896,2024-01-22 19:29:14,43.640951,29.472218,0.0004964575310240915,-0.002787514406750291,0.0039000000000000146
897,2024-01-22 19:29:15,43.699184,29.451077,0.00048730901325516607,-0.0027948742452355013,0.0038000000000000256
898,2024-01-22 19:29:16,43.757415,29.429903,0.00047129990719385617,-0.0028077533189696524,0.0038000000000000256
899,2024-01-22 19:29:17,43.815642,29.408696,0.00042958243442214883,-0.002841314368897757,0.00379999999999997
900,2024-01-22 19:29:18,43.873866,29.387456,0.0004310050130537091,-0.002840169926789704,0.00379999999999997
901,2024-01-22 19:29:19,43.932087,29.366183,0.0004033905996749243,-0.002862385287514313,0.003699999999999981
902,2024-01-22 19:29:20,43.990305,29.344876,0.0003510026184425086,-0.0029045305934727317,0.0037000000000000366
903,2024-01-22 19:29:21,44.04852,29.323536,0.00024906347435119103,-0.0029865390296788807,0.003699999999999981
904,2024-01-22 19:29:22,44.106731,29.302162,0.00020745342512984433,-0.003020013659052301,0.003699999999999981
905,2024-01-22 19:29:23,44.164939,29.280755,0.00020802470964653708,-0.0030195540696545398,0.003699999999999981
906,2024-01-22 19:29:24,44.223144,29.259313,0.00019593423102864937,-0.003029280669316292,0.003599999999999992
907,2024-01-22 19:29:31,44.630487,29.108264,-2.306797543705219e-06,-0.003208314029820858,0.0033999999999999586
